Protocol,Domain,Path,Having_IP,URL_Length,Having_@_symbol,Redirection_//_symbol,Prefix_suffix_separation,Sub_domains,tiny_url,web_traffic,domain_registration_length,dns_record,statistical_report,age_domain,http_tokens,label
https,recoverphrase482.firebaseapp.com,/,0,0,0,0,0,0,0,1,1,1,0,1,0,1
https,docs.google.com,/forms/d/e/1FAIpQLScY_l9nfEdSd_-9gP2u8p0xqi08lIQNny5DZKDyxxVsalw6EA/viewform,0,1,0,0,0,0,0,0,2,0,0,0,0,1
https,kutt.it,/l3LEPh,0,0,0,0,0,0,0,2,1,0,0,0,0,1
https,jam-023d.gitlab.io,/hitech-023s/yujtbgfvrtgrfd.html,0,1,1,0,1,1,0,1,1,0,0,1,0,1
https,docsharex-authorize.firebaseapp.com,/common/oauth2/authorize-cli,0,2,0,0,1,0,0,1,1,1,0,1,0,1
http,ighgroup.com,/news/css/,0,0,0,0,0,0,0,2,2,0,0,2,0,1
https,pomocpharma.com,/viseca/clients/478Q7y.php,0,0,0,0,0,0,0,2,2,0,0,2,0,1
https,www.internetservicetech.com,/landingpages/214dde44-d83d-472c-808d-4304cf3e308c/j1CXRRh7-%20A99jCpAZg1U1lChZSks0nYx0ReUkfTnqSc,0,1,0,0,0,0,0,1,1,0,0,0,0,1
https,lnkd.in,/edgsrKG4,0,0,0,0,0,0,1,0,0,0,0,0,0,1
https,recoverphrase480.firebaseapp.com,/,0,0,0,0,0,0,0,1,1,1,0,1,0,1
https,www.myjesoeb.com,/,0,0,0,0,0,0,0,1,1,0,1,0,0,1
https,onlinehelpchase.blogspot.com,/,0,0,0,0,0,0,1,2,1,1,0,1,0,1
http,grubokepviralterbaruind.duckdns.org,/,0,0,0,0,0,0,0,1,1,0,0,1,0,1
https,walletconnectdapps.xyz,/,0,0,0,0,0,0,0,1,2,0,1,2,0,1
https,cutt.ly,/aYW5mEV,0,0,0,0,0,0,0,0,0,0,0,0,0,1
https,gxa1ij.webwave.dev,/,0,0,0,0,0,0,0,2,1,0,0,0,0,1
https,agence-wordpress-bordeaux.com,/wp-includes/certificates/main/web/,0,2,0,0,1,0,1,1,2,0,0,0,0,1
https,clic.ae,/zMJOS9,0,0,0,0,0,0,0,1,1,0,0,1,0,1
https,sfdev.vshcszx.cn,,0,0,0,0,0,0,0,1,1,0,0,0,0,1
http,gasterussskeda.co.vu,/Safety_Information.html,0,0,0,0,0,2,0,0,1,0,0,1,0,1
https,recoverphrase281.web.app,/,0,0,0,0,0,0,0,1,1,0,0,0,0,1
https,tinyurl.com,/yckp5u2w,0,0,0,0,0,0,1,0,0,0,0,0,0,1
https,reurl.cc,/6E9zk5,0,0,0,0,0,0,0,0,2,0,0,2,0,1
https,chase-onlinehelp.blogspot.com,/,0,0,0,0,1,0,1,1,1,1,0,1,0,1
https,arahor.com,/index.html,0,0,0,0,0,0,0,1,1,0,0,0,0,1
https,webabonnee.blogspot.com,/,0,0,0,0,0,0,1,1,1,1,0,1,0,1
http,itau.24horasprotecao.com,/,0,0,0,0,0,0,0,1,1,0,1,0,0,1
https,vk.com,/away.php,0,1,0,0,0,2,0,0,2,0,0,2,1,1
https,docs.google.com,/forms/d/e/1FAIpQLScQBbSVkPxNasqgeaZPZWXP1lN7QZduRt-NQN4azqA7Q14Euw/viewform,0,1,0,0,0,0,0,0,2,0,0,0,0,1
https,connecti-auonepay-jp.eqydybn.cn,/,0,0,0,0,1,0,0,1,1,0,0,0,0,1
https,mailsystem-upgrade00.on.fleek.co,/,0,0,0,0,1,2,0,0,1,0,0,0,0,1
http,site9423773.92.webydo.com,/,0,0,0,0,0,2,0,2,2,0,0,2,0,1
http,xjmr7.mjt.lu,/lnk/AL4AAIk6nHAAAAAAAAAAAQxahQcAAYDH_Z0AAAAAABUbCABfvNodRPMnK7t6R9aiwFsd6npgSgAU5cw/2/GDaz1m5VZEGY-n1ZY3C0Kw/aHR0cHM6Ly9iaXQubHkvM280Nzh1VA,0,1,0,0,0,0,0,0,1,0,0,1,0,1
https,recoverphrase462.web.app,/,0,0,0,0,0,0,0,1,1,0,0,0,0,1
https,www.1111365.net,/,0,0,0,0,0,0,0,1,2,0,0,2,0,1
https,claims-funds-enczj.run-us-west2.goorm.io,/,0,2,0,0,1,2,0,0,1,0,0,0,0,1
https,barcainferbark.gobb-1nfo.com,/,0,0,0,0,1,0,0,1,1,0,0,0,0,1
https,storage.googleapis.com,/onlinebdo/redirect.html,0,2,0,0,0,2,0,0,1,1,0,1,0,1
https,reviewpasswords34.firebaseapp.com,/,0,0,0,0,0,0,0,1,1,1,0,1,0,1
https,ikpumariana18.firebaseapp.com,/,0,0,0,0,0,0,0,1,1,1,0,1,0,1
http,m42club.com,/forum/Packages/,0,0,0,0,0,0,0,2,2,0,0,2,0,1
https,recoverphrase264.firebaseapp.com,/,0,0,0,0,0,0,0,1,1,1,0,1,0,1
https,lolosamarte.blogspot.com,/,0,0,0,0,0,0,1,1,1,1,0,1,0,1
http,20.124.203.97,,0,0,0,0,0,2,0,1,1,0,0,1,0,1
https,wpsoar.com,/RFA2rxaQWX24J4C68,0,2,1,0,0,2,0,2,1,0,0,0,0,1
https,spk-kunden-nutzen2022.com,/sicher-einloggen,0,0,0,0,1,0,0,1,1,0,1,0,0,1
https,l.wl.co,/l,0,2,0,0,0,2,0,0,0,0,0,0,1,1
http,mjaymup1bhkzmtn0aa.filesusr.com,/html/c69417_3069841d505568614ed8bca153fc7adf.html,0,1,0,0,0,2,0,0,2,0,0,2,0,1
https,dkb-kunden.de,/,0,0,0,0,1,0,0,1,1,0,0,1,0,1
http,89888756.hostfree.pw,/,0,0,0,0,0,0,0,2,1,0,0,0,0,1
https,helpprotection.kacangkulitrebus.workers.dev,/,0,0,0,0,0,2,0,1,1,0,1,0,0,1
https,messagerie-portailas-vitale.appsmessageries.fr,/,0,2,0,0,1,0,0,2,1,0,1,1,0,1
http,pro.icloudremovaltool.com,/,0,0,0,0,0,0,0,2,1,0,0,0,0,1
https,kawanara.xyz,/,0,0,0,0,0,0,0,1,1,0,0,0,0,1
https,usp-reboot.com,/MDFFS5,0,0,0,0,1,0,1,1,1,0,0,0,0,1
http,event.garenafreefire.asli2022.xyz,/,0,0,0,0,0,2,0,1,1,0,1,0,0,1
https,mpsienaprocedurastorno.me,/,0,0,0,0,0,0,0,1,1,0,0,0,0,1
https,netw0rk0luti0ns.firebaseapp.com,/,0,0,0,0,0,0,0,1,1,1,0,1,0,1
https,recoverphrase135.web.app,/,0,0,0,0,0,0,0,1,1,0,0,0,0,1
https,t.co,/8MpTsau4Zq,0,0,0,0,0,0,1,0,1,0,0,0,0,1
https,spk-kundenbindung2022.com,/BGTO2NBSKS,0,0,0,0,1,0,0,1,1,0,1,0,0,1
https,backend.bhiflyk69875.xyz,/,0,0,0,0,0,0,0,1,2,0,0,2,0,1
http,defikingdoms.sameeahmadkhan.com,/,0,0,0,0,0,0,0,1,2,0,0,2,0,1
https,criticalcarevizag.com,/css/hjadsk/wkqelj/,0,0,0,0,0,0,0,1,2,0,0,2,0,1
https,connect-auoneo-jp.ubmsgrh.cn,/,0,0,0,0,1,0,0,1,1,0,0,0,0,1
http,www.unisonsouthayr.org.uk,/index.html,0,0,0,0,0,1,0,1,1,0,0,0,0,1
http,clamffgratis2022.duckdns.org,/,0,0,0,0,0,0,0,1,1,0,0,1,0,1
http,xj4og.mjt.lu,/lnk/ANAAAImW9ecAAAAAAAAAALqcdmwAAYCsRpIAAAAAABUnawBfvNwN9EXQIrkxR0e0MjhnyvraYgAU8Vk/1/0Chy5lWD4N1IkqHF1LqV_g/aHR0cHM6Ly9iaXQubHkvM280Nzh1VA,0,1,0,0,0,0,0,0,1,0,0,1,0,1
https,docs.google.com,/forms/d/e/1FAIpQLSfKSiRdEJKit-TdEiWRNkF00YGSQDSqth0hMwYdIQdik10tnA/viewform,0,1,0,0,0,0,0,0,2,0,0,0,0,1
http,site9607677.92.webydo.com,/,0,0,0,0,0,2,0,2,2,0,0,2,0,1
https,connecti-auonepay.5tf7wed7.cn,/,0,0,0,0,1,0,0,1,1,0,0,0,0,1
https,connecti-auonepay-jp.syayckf.cn,/,0,0,0,0,1,0,0,1,1,0,0,0,0,1
https,hacof.com,/type/user,0,1,0,0,0,0,0,1,1,0,0,0,0,1
https,attnewverification.weebly.com,/,0,0,0,0,0,0,0,1,1,0,0,0,0,1
https,auto-kddl.sfhvsd.icu,/,0,0,0,0,1,0,0,1,1,0,1,1,0,1
http,45.55.167.181,/MegaOfertaDigital/,1,2,1,0,0,1,0,1,1,0,0,1,0,1
https,ppt.cc,/fvlLVx,0,0,0,0,0,0,0,0,2,0,0,2,0,1
https,rolinadd.surveysparrow.com,/s/att/tt-b583c8,0,0,0,0,0,0,0,0,0,0,0,0,0,1
http,monbudri.xyz,/geo/es/usd/registro/5/index.php,0,0,0,0,0,0,0,2,2,0,1,2,0,1
http,sn-28273739.ihostfull.com,/,0,0,0,0,1,0,0,2,1,0,0,2,0,1
https,www.axiesmarketo.cam,/,0,0,0,0,0,0,0,1,1,0,1,1,0,1
https,lnkd.in,/gxbCHxsd,0,0,0,0,0,0,1,0,0,0,0,0,0,1
https,recoverphrase287.web.app,/,0,0,0,0,0,0,0,1,1,0,0,0,0,1
https,auonepay-jp.laughry.shop,/,0,0,0,0,1,0,0,1,1,0,1,0,0,1
http,cutt.ly,/fTLEDCR,0,0,0,0,0,0,0,0,0,0,0,0,0,1
https,bit.ly,/3lgMoQh,0,0,0,0,0,0,1,0,0,0,0,0,0,1
http,yip.su,/29FKW6,0,0,0,0,0,0,0,2,1,0,0,0,0,1
https,freedomtg3656.club,/,0,0,0,0,0,0,0,2,1,0,0,0,0,1
https,www.aumentodelimitenubank.com,/,0,0,0,0,0,0,0,1,1,0,1,0,0,1
http,starsoftheindustry.com,/paper_lantern/digital.technic/redirectURL/dynamic/ssl/hmtl/oauth2/auth17a1.php,0,1,0,0,0,2,0,2,1,0,0,0,0,1
https,storage.cloud.google.com,/1lordman1man3/oscman.html,0,1,1,0,0,1,0,0,2,0,0,0,0,1
https,www.coinbaseacadex.com,/,0,0,0,0,0,0,1,1,1,0,0,2,0,1
https,recoverphrase63.web.app,/,0,0,0,0,0,0,0,1,1,0,0,0,0,1
https,safetypageprotection1.kacangkulitrebus.workers.dev,/,0,2,0,0,0,2,0,1,1,0,1,0,0,1
https,verificationmessage.blob.core.windows.net,/monopoly98/pending.html,0,1,0,0,0,1,0,0,2,0,0,2,0,1
https,connecti-auonepay-jp.ffwjzby.cn,/,0,0,0,0,1,0,0,1,1,0,0,0,0,1
https,br-binance.com,/home/controle.php,0,1,1,0,1,2,0,1,1,0,1,0,0,1
http,aromatic.webenliven.in,/wp-admin/css/trust/sun/cd.php,0,1,0,0,0,2,0,1,1,0,0,0,0,1
https,web-f5547.web.app,/,0,0,0,0,1,0,0,1,1,0,0,0,0,1
https,sites.google.com,/site/protectedinmprovmnt44/,0,0,0,0,0,0,0,0,2,0,0,2,0,1
http,ftx5566.com,,0,0,0,0,0,0,0,1,1,0,1,0,0,1
https,walleteconnect.xyz,/,0,0,0,0,0,0,0,1,2,0,1,2,0,1
https,qsh74pekkv5e8.clickfunnels.com,/optinglub2iy0,0,0,0,0,0,0,0,0,2,0,0,2,0,1
https,webmail-sso8uyg.web.app,/,0,1,1,0,1,1,0,1,1,0,0,0,0,1
https,allegromall.co,/,0,0,0,0,0,0,0,1,0,0,0,0,0,1
https,markte-auone-jp.credhn.cn,/,0,0,0,0,1,0,0,1,1,0,0,0,0,1
https,auonepay-jp.sudisom.shop,/,0,0,0,0,1,0,0,1,1,0,1,0,0,1
https,sunge-ode.firebaseapp.com,/,0,0,0,0,1,0,0,1,1,1,0,1,0,1
https,storage.cloud.google.com,/logonservices8g7gs65gs9bs66vds7bd9nd/index.html,0,1,0,0,0,1,0,0,2,0,0,2,0,1
https,spk-de09.com,/de/home/login-online-banking.html,0,2,0,0,1,0,0,1,1,0,0,0,0,1
http,177.10.203.96,/,1,0,0,0,0,2,0,1,1,0,0,1,0,1
https,h5.dwedw973.top,/,0,0,0,0,0,0,0,1,1,0,0,0,0,1
https,shopee-cny888.blogspot.com,/,0,0,0,0,1,0,1,1,1,1,0,1,0,1
https,linktr.ee,/sbccglob,0,0,0,0,0,0,0,0,1,0,0,0,0,1
https,seul.unilurio.ac.mz,/logintestegoogle.zul,0,1,0,0,0,1,0,2,1,0,0,1,0,1
https,marketplace.axeinfiniity.com,/,0,0,0,0,0,0,0,1,1,0,0,0,0,1
https,recoverphrase288.web.app,/,0,0,0,0,0,0,0,1,1,0,0,0,0,1
https,linkr.bio,/8nyk33,0,0,0,0,0,0,0,0,1,0,0,1,0,1
https,w32ykk.firebaseapp.com,/,0,0,0,0,0,0,0,1,1,1,0,1,0,1
https,cusstomerservicee.blogspot.com,/,0,0,0,0,0,0,1,1,1,1,0,1,0,1
https,sites.google.com,/view/verifmail03/,0,0,0,0,0,0,0,0,2,0,0,2,0,1
https,boldd.martobang.workers.dev,/,0,0,0,0,0,2,0,1,1,0,0,0,0,1
https,recoverphrase312.firebaseapp.com,/,0,0,0,0,0,0,0,1,1,1,0,1,0,1
https,www.google.com,/url,0,1,0,0,0,2,0,2,2,0,0,2,0,1
https,m.fancy-bush-cf01.marhabitas.workers.dev,/,0,0,0,0,1,1,0,1,1,0,0,0,0,1
https,theeverythingspot.com,/direct/access/T83256674,0,0,0,0,0,0,1,1,1,0,0,0,0,1
https,recoverphrase147.web.app,/,0,0,0,0,0,0,0,1,1,0,0,0,0,1
https,recoverphrase464.web.app,/,0,0,0,0,0,0,0,1,1,0,0,0,0,1
https,dgfbcv.bfqpdmm.cn,,0,0,0,0,0,0,0,1,1,0,0,0,0,1
https,h5.pionexodkk.com,/,0,0,0,0,0,0,0,1,2,0,0,0,0,1
http,w2.deraya.org,/login-option.php,0,1,0,0,0,2,0,1,2,0,0,2,0,1
https,firebasestorage.googleapis.com,/v0/b/rei-rezuio-rexire-565.appspot.com/o/%40%40%40indexv-vb-vau-ry-8%252Fbv-yu-er-8F%25252525%2525252F%25252525%2525252F%25252525%2525252F%25252525%2525252F%25252525%20-%20Copy.html,0,1,1,0,0,1,1,0,1,1,0,1,0,1
https,k3ja6d.webwave.dev,/,0,0,0,0,0,0,0,2,1,0,0,0,0,1
https,forms.gle,/sMUfGmYhduCkBQ6KA,0,0,0,0,0,0,0,0,1,0,0,1,0,1
http,albel.intnet.mu,/File/file_doc.php,0,1,0,0,0,2,0,2,0,0,0,0,0,1
https,wires-business-starter.webflow.io,/,0,0,0,0,1,0,0,0,0,0,0,0,0,1
https,info.dnb.no,,0,0,0,0,0,0,0,0,1,0,0,1,0,1
https,i.violationspage.validationspege.workers.dev,,0,0,0,0,0,1,0,1,1,0,0,0,0,1
https,www1.mstacsurueccs.icu,,0,0,0,0,0,0,0,1,1,0,1,0,0,1
http,beta.transactionupdates.tieit.io,/jant.php,0,0,0,0,0,1,0,2,1,0,0,0,0,1
https,demovp.cruisesmekongriver.net,/,0,0,0,0,0,0,0,2,1,0,0,0,0,1
https,pokajca.web.app,/,0,2,1,0,0,2,0,1,1,0,0,0,0,1
http,mjaymu1hetezmtj0aa.filesusr.com,/html/c69417_3069841d505568614ed8bca153fc7adf.html,0,1,0,0,0,2,0,0,2,0,0,2,0,1
http,webmail.salemgroups.com,/cpsess3237707217/3rdparty/roundcube/,0,2,0,0,0,0,0,1,2,0,0,2,0,1
http,www-europe564598-com.filesusr.com,/html/2d7ee9_12c6e0a510bcf87de889516b01597d61.html,0,1,0,0,1,2,0,0,2,0,0,2,0,1
http,ssl.dsl.isl.mll.2kdkex.ravishamrah.ir,/.sdf/.qsx/,0,2,0,0,0,1,0,2,1,0,0,1,0,1
http,bokep-smp-viral2.duckdns.org,/,0,0,0,0,1,0,0,1,1,0,0,1,0,1
https,www.eastfortunesgi.cc,/,0,0,0,0,0,0,0,2,2,0,1,2,0,1
http,stolizaparketa.ru,/wp-content/themes/twentyfifteen/css/read/chinavali/index.php,0,1,1,0,0,1,0,1,1,0,0,0,0,1
http,albel.intnet.mu,/File/,0,0,0,0,0,0,0,2,0,0,0,0,0,1
http,suburbandiligentgreenware.issuepanm.repl.co,,0,0,0,0,0,2,0,1,0,0,0,0,0,1
https,recoverphrase125.web.app,/,0,0,0,0,0,0,0,1,1,0,0,0,0,1
http,beautybydriphigh.com,/wabet/,0,0,0,0,0,0,0,1,1,0,0,0,0,1
http,freespingarena-gratis2022.duckdns.org,/,0,0,0,0,1,0,0,1,1,0,0,1,0,1
https,sites.google.com,/view/clickpagenewlogin2021,0,0,0,0,0,0,0,0,2,0,0,2,0,1
https,ikpumariana29.firebaseapp.com,/,0,0,0,0,0,0,0,1,1,1,0,1,0,1
https,cef8vwt7y9h.typeform.com,/to/WjcE6Nfx,0,0,0,0,0,0,0,0,0,0,0,0,0,1
https,sites.google.com,/view/yah000/home,0,0,0,0,0,0,0,0,2,0,0,2,0,1
https,riattiva.digital.mps.aggiornadati.top,/appweb/,0,0,0,0,0,1,0,2,1,0,0,0,0,1
https,sites.google.com,/view/weelcomsign/accueil,0,0,0,0,0,0,0,0,2,0,0,0,0,1
http,precoveridentitysacure.co.vu,/confirmid.php,0,0,0,0,0,2,0,0,1,0,1,1,0,1
https,4w8bmmjcw86e.clickfunnels.com,/optin1640250384353,0,2,0,0,0,0,0,0,2,0,0,2,0,1
https,affixwallet.net,/,0,0,0,0,0,0,0,2,1,0,0,0,0,1
https,verifybydomiain26.firebaseapp.com,/,0,0,0,0,0,0,0,1,1,1,0,1,0,1
https,sitebuilder158529.dynadot.com,/,0,0,0,0,0,0,1,0,1,0,0,0,0,1
http,acessobradesco.digital,,0,0,0,0,0,0,0,1,2,0,0,2,0,1
https,www.ecowordpress.com,/clients/clients/final/final/clients/login.php,0,2,0,0,0,2,0,2,2,0,0,2,0,1
https,storage.googleapis.com,/bionat/xdragon1.html,0,0,0,0,0,2,0,0,1,1,0,1,0,1
https,support-chase-help.blogspot.com,/,0,0,0,0,1,0,1,2,1,1,0,1,0,1
https,cutt.ly,/HSgb8Fr,0,0,0,0,0,0,0,0,0,0,0,0,0,1
https,www.meta-trx.com,/,0,0,0,0,1,0,1,2,1,0,1,2,0,1
http,weplay-pray4ua.com,,0,0,0,0,1,0,0,1,1,0,1,0,0,1
https,clubeliveloprime.me,,0,0,0,0,0,0,0,1,1,0,0,0,0,1
http,kalinolson.com,,0,0,0,0,0,0,0,1,2,0,1,2,0,1
https,autocarcancun.com,/outlook.office.com/,0,0,0,0,0,2,0,2,1,0,0,0,0,1
https,webbbb.yolasite.com,/,0,0,0,0,0,0,0,1,1,1,0,1,0,1
https,sme-elec.com,/wp-content/firma,0,0,0,0,1,0,0,2,1,0,0,0,0,1
https,backend.coinsdtwde.top,/,0,0,0,0,0,0,0,1,2,0,0,0,0,1
https,ikpumariana25.web.app,/,0,0,0,0,0,0,0,1,1,0,0,0,0,1
https,mon-token.com,/wp-content/themes/10/Visa.co.jp/0fa2e8a4ec26f1de3936eb6a3fadd63e/access.php,0,1,0,0,1,1,0,1,2,0,0,2,0,1
https,liveappealforms.org,/forms/contact/main/stocazzo,0,2,0,0,0,0,0,1,2,0,1,2,0,1
https,uploads.codesandbox.io,/uploads/user/05f89058-061c-48b2-856d-a88922dc294e/5r8g-index.html,0,1,0,0,0,2,0,0,0,0,0,0,0,1
https,kissapps.io,/Delivery/Package/pay/,0,0,0,0,0,0,0,2,1,0,0,2,0,1
https,recoverphrase34.web.app,/,0,0,0,0,0,0,0,1,1,0,0,0,0,1
https,recoverphrase54.firebaseapp.com,/,0,0,0,0,0,0,0,1,1,1,0,1,0,1
https,recoverphrase115.web.app,/,0,0,0,0,0,0,0,1,1,0,0,0,0,1
https,www.defiklngdomes-game.com,/,0,0,0,0,1,0,0,1,1,0,0,0,0,1
https,web-b4119.web.app,//,0,0,1,1,1,2,0,1,1,0,0,0,0,1
https,04-spk-updates.net,/de/Kontrolle/spark,0,0,0,0,1,0,0,1,1,0,1,0,0,1
https,verifybydomiain5.firebaseapp.com,/,0,0,0,0,0,0,0,1,1,1,0,1,0,1
http,o2-updatebillingvia.com,/Login,0,0,0,0,1,0,0,1,2,0,0,2,0,1
http,stolizaparketa.ru,/wp-content/themes/twentyfifteen/css/read/chinavali/index.php,0,1,1,0,0,2,0,1,1,0,0,0,0,1
http,ftx2020.com,,0,0,0,0,0,0,0,1,1,0,1,0,0,1
http,cltjamais.com.br,/wp-content/online/iono.html,0,0,0,0,0,2,0,1,1,0,0,0,0,1
https,mintsolanadrop.com,/,0,0,0,0,0,0,0,1,1,0,0,0,0,1
https,connecti-auonepay-jp.wnrda2vm.cn,/,0,0,0,0,1,0,0,1,1,0,0,0,0,1
http,catalogue-orange.com,/index.html,0,0,0,0,1,0,0,1,1,0,0,0,0,1
https,c.curiousmorty.be,/19962/117068,0,1,0,0,0,0,0,2,1,0,0,1,0,1
http,clouddoc-authorize.firebaseapp.com,/.xx./xx,0,0,0,0,1,1,0,2,1,1,0,1,0,1
https,cvdv.efdcrrd.cn,,0,0,0,0,0,0,0,1,1,0,0,0,0,1
https,collab-land.net,/,0,0,0,0,1,0,0,1,1,0,0,2,0,1
http,saritapariyar.com.np,/Daniel,0,0,0,0,0,0,0,1,1,0,0,1,0,1
http,contapessoal.digital,,0,0,0,0,0,0,0,1,2,0,0,2,0,1
https,www.ana.co.jp.raxeiqe.cn,/,0,0,0,0,0,1,0,1,1,0,0,0,0,1
http,a.dab342ab8887461995aad393cb294948a5ce800ca279cd1027026d47.com,/signin,0,1,0,0,0,0,0,1,2,0,0,2,0,1
https,ptpnxiv.com,/owa.summary/aspx1.php,0,1,0,0,0,1,0,2,1,0,0,0,1,1
https,han.gl,/FMjIu,0,0,0,0,0,0,0,2,1,0,0,1,0,1
https,app.box.com,/s/ymr0ltw3hmn8icxebz16gjhcyhqa49w4,0,2,0,0,0,0,1,0,2,0,0,2,0,1
https,login-micro-drive-file-folder.web.app,/,0,0,0,0,1,0,0,1,1,0,0,0,0,1
http,lets2020vision.co.uk,/aws/deactivation/cmd-login=e1cbb08316a704d8f3ba7f66dd385d49/error.php,0,1,0,0,0,2,0,1,1,0,0,0,0,1
https,bitrack.bin1link.cc,/click.php,0,1,0,0,0,2,0,1,2,0,0,2,0,1
http,solanartt.org,,0,0,0,0,0,0,0,1,1,0,0,0,0,1
https,www.top-dump-truck-blog.com,/survey/37792/source=49-/subid=49/nrp=743e423573b64983998d6640347fd130,0,1,0,0,1,0,0,2,2,0,0,0,0,1
https,pokemoney.info,/,0,0,0,0,0,0,0,2,0,0,0,0,0,1
https,cloudservers-ee8c0.web.app,/,0,0,0,0,1,0,0,1,1,0,0,0,0,1
https,aiu.kdda.imhedhj.cn,/,0,0,0,0,0,2,0,1,1,0,0,0,0,1
https,docs.google.com,/forms/d/e/1FAIpQLSfeOy_w3JWkKZ8PSGsw4NrJA9tmG2lx0x0NvTmv38K0hJzzMQ/viewform,0,1,0,0,0,0,0,0,2,0,0,2,0,1
https,debuil.xyz,/geo/ie/eur/register/5/index.php,0,0,0,0,0,0,0,1,1,0,1,0,0,1
https,www.interbanlkhomeperu.bncso.com,,0,0,0,0,0,2,0,1,2,0,1,2,0,1
https,docs.google.com,/forms/d/e/1FAIpQLSc4BagZJZmsTbNJHy7ZpY5zSx-XrN7rEoOUOLv54Luk5tIhHA/viewform,0,1,0,0,0,0,0,0,2,0,0,0,0,1
https,shiny-sound-a24a.rcvrysrvce.workers.dev,/,0,0,0,0,1,2,0,1,1,0,0,0,0,1
https,forms.monday.com,/forms/5ed641e5cabd481304386f35b9120276/,0,2,0,0,0,0,0,0,2,0,0,2,0,1
https,sites.google.com,/view/abuse-privacy/,0,0,0,0,0,0,0,0,2,0,0,2,0,1
http,credcloud-object-storage-o9-cos-static-web-hocsd3d.pages.dev,/,0,2,0,0,1,0,0,1,0,0,0,0,0,1
https,docs.google.com,/forms/d/e/1FAIpQLScdcT8MUe2Qq3syjR4TNntoL30jfdk8vWpCo6yjh7DxnQ5nYg/viewform,0,1,0,0,0,0,0,0,2,0,0,0,0,1
https,cofinaowcs.firebaseapp.com,/,0,0,0,0,0,0,0,1,1,1,0,1,0,1
https,sites.google.com,/view/serv-ob-securite/accueil,0,2,0,0,0,0,0,0,2,0,0,0,0,1
http,redeem-microsoft-code.sitey.me,,0,0,0,0,1,0,0,0,1,0,0,0,0,1
https,kyleosburn.com,/,0,0,0,0,0,0,0,2,1,0,0,0,0,1
https,www.orabu.it,/,0,0,0,0,0,0,0,1,1,0,0,0,0,1
https,www.explorebathurst.com.au,/rrefeeieoj.html,0,1,1,0,0,1,1,1,1,0,0,1,0,1
https,celetemconfirmationsi.ga,/cetelem/clients/login.php,0,2,0,0,0,0,0,1,1,0,1,1,0,1
https,docu-shar3point-st0rag.web.app,/,0,0,0,0,1,0,0,1,1,0,0,0,0,1
https,vouchere-astrazeneca.totemsoftware.ro,/auth/login,0,2,0,0,1,0,0,1,1,0,0,0,0,1
https,mail-123-reg-co-uk.web.app,/,0,0,1,0,1,2,1,2,1,0,0,0,0,1
https,recoverphrase325.web.app,/,0,0,0,0,0,0,0,1,1,0,0,0,0,1
https,koerich-c-empresarial.com,/,0,0,0,0,1,0,0,1,1,0,0,0,0,1
https,xtio.ch,/258wyeyv,0,0,0,0,0,0,0,1,1,0,0,1,0,1
https,recoverphrase457.firebaseapp.com,/,0,0,0,0,0,0,0,1,1,1,0,1,0,1
https,storage.cloud.google.com,/1lordman1man3/kelmanco.html,0,1,1,0,0,1,0,0,2,0,0,2,0,1
https,www.ana.co.jp.qkoddes.cn,/,0,0,0,0,0,1,0,1,1,0,0,0,0,1
http,grup-bokep-viral7282.duckdns.org,/,0,0,0,0,1,0,0,1,1,0,0,1,0,1
https,cutt.ly,/IIQMdzN,0,0,0,0,0,0,0,0,0,0,0,0,0,1
https,ikpumariana8.firebaseapp.com,/,0,0,0,0,0,0,0,1,1,1,0,1,0,1
https,sites.google.com,/view/paypal-customer-services/,0,2,0,0,0,0,0,0,2,0,0,0,0,1
https,firebasestorage.googleapis.com,/v0/b/ikom-c0484.appspot.com/o/index.shtml,0,1,1,0,0,1,1,0,1,1,0,1,0,1
https,aiu.kdda.tluwxtx.cn,/login.php,0,0,0,0,0,1,0,1,1,0,0,0,0,1
https,decostra.com,/wp-admin/gneral/,0,0,0,0,0,0,0,1,1,0,0,0,0,1
http,interbranks.iabaden.org,/,0,0,0,0,0,0,0,2,1,0,0,0,0,1
https,register-area-app.com,/,0,0,0,0,1,0,0,1,1,1,1,1,0,1
https,sites.google.com,/view/awspage,0,0,0,0,0,0,0,0,2,0,0,0,0,1
https,ikmcd.rnxsqiu.cn,,0,0,0,0,0,0,0,1,1,0,0,0,0,1
http,grubwahotseksi2022.duckdns.org,/,0,0,0,0,0,0,0,1,1,0,1,1,0,1
https,candace-colemccrea.mykajabi.com,/verify-online-d56f801e-dcea-4532-ac52-30f692bd68b5,0,1,0,0,1,0,0,0,2,0,0,2,0,1
https,doclab-console-auth.firebaseapp.com,/,0,0,0,0,1,0,0,1,1,1,0,1,0,1
http,albel.intnet.mu,/File/download_doc.php,0,1,0,0,0,2,0,2,0,0,0,0,0,1
https,ssecurebtconnectusers.weebly.com,/,0,0,0,0,0,0,0,1,1,0,0,0,0,1
https,cutt.ly,/gYQdC7m,0,0,0,0,0,0,0,0,0,0,0,0,0,1
https,vk.com,/away.php,0,2,0,0,0,1,0,0,2,0,0,2,1,1
https,ay-transporte.com,/vr,0,0,0,0,1,0,0,2,2,0,0,2,0,1
https,qgjgm.maqluaw.cn,,0,0,0,0,0,0,0,1,1,0,0,0,0,1
https,pabloo0008.github.io,/freecookiecodesandi/,0,0,0,0,0,0,0,1,1,0,0,1,0,1
https,exclusividadmarzo3.com,/,0,0,0,0,0,0,0,1,2,0,1,2,0,1
https,lnkd.in,/euhR7uki,0,0,0,0,0,0,1,0,0,0,0,0,0,1
https,www.games-defikindgoms.com,/,0,0,0,0,1,0,0,1,1,0,0,0,0,1
https,smbc.co.jp.hgyty.com,,0,0,0,0,0,1,0,1,1,0,0,0,0,1
https,anhduongjsc.com,/includes/libraries/fancybox/lib/security/Update/myaccount/settings/,0,1,0,0,0,0,0,2,2,0,0,2,0,1
http,in.deraya.org,/login-option.php,0,0,0,0,0,2,0,1,2,0,0,2,0,1
https,mondrive.xyz,/geo/fr/eur/inscription/5/index.php,0,2,0,0,0,0,0,1,2,0,1,2,0,1
https,recoverphrase327.web.app,/,0,0,0,0,0,0,0,1,1,0,0,0,0,1
http,activatedefiprotocol.com,/connect/v2/,0,0,0,0,0,0,0,1,1,0,1,0,0,1
https,metamaskverification.in,/,0,0,0,0,0,0,0,1,1,0,1,0,0,1
https,recoverphrase35.firebaseapp.com,/,0,0,0,0,0,0,0,1,1,1,0,1,0,1
https,assistance-update.veriftru.com,/steps/card.php,0,0,0,0,1,2,0,1,1,0,0,0,0,1
https,recoverphrase98.web.app,/,0,0,0,0,0,0,0,1,1,0,0,0,0,1
https,bexwebmailupdate.web.app,/,0,0,0,0,0,0,0,1,1,0,0,0,0,1
https,preprod.meenyoo.com,/att/att-detail-Adjust/,0,0,0,0,0,0,0,1,1,0,1,0,0,1
http,questrades.com,/,0,0,0,0,0,0,0,1,1,0,1,0,0,1
https,backend.bhiflyk60414.xyz,/,0,0,0,0,0,0,0,1,1,0,1,0,0,1
https,quizzical-mcnulty.185-194-219-163.plesk.page,/,0,0,0,0,1,2,0,1,1,0,0,0,0,1
http,thevmc-secured-docs.gq,/adobe/email/security/,0,0,0,0,1,0,0,1,1,0,0,1,0,1
https,connecti-auonepay-jp.lb4neyw4.cn,/,0,0,0,0,1,0,0,1,1,0,0,0,0,1
https,claritysso.com,/wp-includes/asset/,0,1,0,0,0,0,0,2,2,0,0,2,0,1
https,liveappealforms.org,/forms/contact/main/13141059580129023.php,0,2,0,0,0,0,0,1,2,0,1,2,0,1
http,reviewbook.org,/OCWtxsEl7/neitcit/citi/index.php,0,2,0,0,0,0,0,1,1,0,0,0,0,1
http,92.204.144.8,/KOF/,1,0,0,0,0,2,0,1,1,0,0,0,0,1
https,recoverphrase326.web.app,/,0,0,0,0,0,0,0,1,1,0,0,0,0,1
https,recoverphrase496.web.app,/,0,0,0,0,0,0,0,1,1,0,0,0,0,1
https,vk.com,/away.php,0,1,0,0,0,2,0,0,2,0,0,2,1,1
https,www.stevemaddenshoe.net,/,0,0,0,0,0,0,0,1,2,0,0,2,0,1
http,to-ken.biz,/,0,0,1,0,1,0,0,1,0,0,0,2,0,1
http,albel.intnet.mu,/File/download_doc.php,0,0,0,0,0,2,0,2,0,0,0,0,0,1
https,mailgmxuuaktualisieren.yolasite.com,/,0,0,0,0,0,0,0,1,1,1,0,1,0,1
https,sunnylandingpages.com,/usroutput/themeset1_2022-03-20-18-51-02/,0,2,0,0,0,0,0,2,2,0,0,2,0,1
https,recoverphrase99.web.app,/,0,0,0,0,0,0,0,1,1,0,0,0,0,1
https,storageapi.fleek.co,/651c73d5-af71-4d2f-affb-c6df9fd320a6-bucket/index_gen_dsav.html,0,1,0,0,0,2,0,0,1,0,0,0,0,1
https,macst.cc,/ue/retailresearch.emirates.claim.gift-cards/Subscribe.html,0,2,0,0,0,1,0,1,1,0,0,0,0,1
http,good12345.tripod.com,/,0,0,0,0,0,0,0,1,1,0,0,2,0,1
https,sites.google.com,/view/messageriehtlmxccvsdfvf/accueil,0,2,0,0,0,0,0,0,2,0,0,2,0,1
https,recoverphrase391.web.app,/,0,0,0,0,0,0,0,1,1,0,0,0,0,1
http,cesaconstrucciones.com.ar,/ali,0,0,0,0,0,0,0,2,1,0,0,2,0,1
https,interbank-ingresa.web.app,/,0,0,0,0,1,0,0,2,1,0,0,0,0,1
http,katsem-free-vid.duckdns.org,/,0,0,0,0,1,0,0,1,1,0,0,1,0,1
https,jflkp.csb.app,/index.html,0,0,1,0,0,1,0,0,1,0,0,0,0,1
http,suppliers.bitshepherd.org,/wp-content/uploads/2020/10/cgi/toda/office.php,0,1,0,0,0,2,0,1,1,0,0,0,0,1
https,ikpumariana14.web.app,/,0,0,0,0,0,0,0,1,1,0,0,0,0,1
https,id.auone.jp.abcgg.shop,/,0,0,0,0,0,1,0,1,1,0,1,0,0,1
http,grup-dewasa-bok3p.xterbaru2022.my.id,/,0,0,0,0,1,2,0,2,1,0,0,0,0,1
https,tipromo.com,/spcm.nrn/nmdo.php,0,0,0,0,0,2,0,1,2,0,0,2,0,1
https,areyiuattyahooo.weebly.com,/,0,0,0,0,0,0,0,1,1,0,0,0,0,1
http,jasa-perjalanan-ade-dekat-65333.web.id,/,0,0,0,0,1,0,0,2,1,0,0,0,0,1
https,recoverphrase321.firebaseapp.com,/,0,0,0,0,0,0,0,1,1,1,0,1,0,1
https,square-cake-1870.on.fleek.co,/,0,2,1,0,1,1,0,0,1,0,0,0,0,1
https,www.google.com,/url,0,1,0,0,0,2,1,0,2,0,0,0,1,1
https,www.fer-brooks.top,/h-user-LoginOrRegister.html,0,2,0,0,1,2,0,1,1,0,0,0,0,1
https,org-nr.yolasite.com,/,0,0,0,0,1,0,0,1,1,1,0,1,0,1
http,amosleh.com,/jrxst/login.php,0,1,0,0,0,1,0,1,1,0,0,0,0,1
https,sites.google.com,/view/dfghjhckuyf/home,0,0,0,0,0,0,0,0,2,0,0,0,0,1
https,keadaancus.topijerami.workers.dev,/,0,0,0,0,0,2,0,1,1,0,0,0,0,1
https,recoverphrase19.firebaseapp.com,/,0,0,0,0,0,0,0,1,1,1,0,1,0,1
https,keap.page,/egq767/update-online/landing-page.html,0,2,0,0,0,0,0,2,0,0,0,0,0,1
https,www.att-promotions.com,/shop/v1/,0,1,0,0,1,0,0,2,1,0,0,2,0,1
https,k12inc-my.sharepoint.com,/personal/jdonahue_k12_com/_layouts/15/WopiFrame.aspx,0,1,0,0,1,2,1,2,2,0,0,2,0,1
http,unrifled-harpoon.000webhostapp.com,/Comcast_Xfinity/Comcast_Xfinity/Comcast_Xfinity/Comcast_Xfinity/index.php,0,1,0,0,1,2,0,0,0,0,0,0,0,1
https,bobuleteam.cz,/west/,0,0,0,0,0,0,0,1,1,0,0,0,0,1
https,sites.google.com,/view/cgnvzmx/att,0,0,0,0,0,0,0,0,2,0,0,0,0,1
https,recoverphrase318.firebaseapp.com,/,0,0,0,0,0,0,0,1,1,1,0,1,0,1
https,recoverphrase246.web.app,/,0,0,0,0,0,0,0,1,1,0,0,0,0,1
https,h5.hiflyk61571.top,/,0,0,0,0,0,0,0,1,2,0,0,2,0,1
https,vk.com,/away.php,0,1,1,0,0,1,0,0,2,0,0,2,1,1
https,pankcakeswap.cloud:443,/,0,0,0,0,0,0,0,2,1,0,1,1,0,1
https,linktr.ee,/appIesecure2021,0,0,0,0,0,0,0,0,1,0,0,0,0,1
https,jspqqtttxo.web.app,/,0,0,0,0,0,0,0,1,1,0,0,0,0,1
http,fanxtv.info,/ujk/,0,0,0,0,0,0,0,1,1,0,0,0,0,1
https,igsolthermsolar.blogspot.com,/,0,0,0,0,0,0,1,1,1,1,0,1,0,1
https,linktr.ee,/millie5566,0,0,0,0,0,0,0,0,1,0,0,0,0,1
https,web-416b6.web.app,//,0,0,0,1,1,0,0,1,1,0,0,0,0,1
http,szsmartest.com,/.cha.htm,0,0,0,0,0,2,1,1,0,0,0,0,0,1
http,162.144.102.39,/dme.enir/narc.php,1,0,0,0,0,1,0,1,0,0,0,0,0,1
https,buralenergiasolar.blogspot.com,/,0,0,0,0,0,0,1,1,1,1,0,1,0,1
https,www.massaeoscri.icu,/,0,0,0,0,0,0,0,1,1,0,0,0,0,1
https,agent.cfhrjfw.top,/,0,0,0,0,0,0,0,1,2,0,0,2,0,1
https,correoargentino.dnsup.net,/MiCorreo/portal/58bcc/,0,2,0,0,0,0,0,1,1,0,0,0,0,1
https,reikreitel.blogspot.com,/,0,0,0,0,0,0,1,1,1,1,0,1,0,1
https,contact2acceptpoilcyverifingyouracceptancemailfullinbox.pages.dev,/,0,2,0,0,0,0,0,1,0,0,0,0,0,1
https,gbxff.jeinknc.cn,,0,0,0,0,0,0,0,1,1,0,0,0,0,1
https,www.uniswapfinancing.info,/,0,0,0,0,0,0,0,1,1,0,0,0,0,1
https,tinyurl.com,/BTinternet56,0,0,0,0,0,0,1,0,0,0,0,0,0,1
https,inof-auoneo-jp.kaiijxl.cn,/,0,0,0,0,1,0,0,1,1,0,0,0,0,1
https,mestertignseekjet5.blogspot.com,/,0,0,0,0,0,0,1,1,1,1,0,1,0,1
http,viral-grup-resmi.duckdns.org,/FZxhmcjssKedelvaUFWl6s0/,0,2,0,0,1,0,0,1,1,0,0,1,0,1
https,recoverphrase68.firebaseapp.com,/,0,0,0,0,0,0,0,1,1,1,0,1,0,1
https,sites.google.com,/view/gajiview/yahoo-com,0,0,0,0,0,0,0,0,2,0,0,0,0,1
http,grubviralterbaru2222.duckdns.org,/,0,0,0,0,0,0,0,1,1,0,0,1,0,1
https,kleffcollage.com,/spcm.nrn/nmdo.php,0,0,0,0,0,2,0,1,1,0,0,0,0,1
https,systems-bjoska.firebaseapp.com,,0,0,0,0,1,0,0,1,1,1,0,1,0,1
http,uv09s6357.riggearf.com,,0,0,0,0,0,0,0,2,2,0,0,2,0,1
http,dpasdasfasfasfas.pages.dev,/,0,0,0,0,0,0,0,1,0,0,0,0,0,1
https,digitalgrup-banproonline.com,/,0,0,0,0,1,0,0,1,1,0,0,0,0,1
https,withkoji.com,/@BT_INTERNET,0,0,1,0,0,0,0,0,1,0,0,0,0,1
https,my.forms.app,/form/6112452ca3f6e60d511bad0d,0,0,0,0,0,0,0,0,0,0,0,0,0,1
https,go.ly,/yVKdg,0,0,0,0,0,0,0,2,0,0,0,0,0,1
https,pancake-swapp.com,/,0,0,0,0,1,0,0,1,2,0,0,2,0,1
https,cancel626196-binance-com.web.app,/,0,0,0,0,1,0,0,1,1,0,0,0,0,1
https,machineryzoneservice.com,/,0,0,0,0,0,0,0,1,2,0,0,2,0,1
http,stolizaparketa.ru,/wp-content/themes/twentyfifteen/css/read/chinavali/index.php,0,1,1,0,0,2,0,1,1,0,0,0,0,1
https,recoverphrase239.web.app,/,0,0,0,0,0,0,0,1,1,0,0,0,0,1
https,storage.cloud.google.com,/kkkqkl633qn6kq3lqssiiddnenen.appspot.com/index.html,0,1,1,0,0,1,1,0,2,0,0,2,0,1
https,www2.mstacsurueccs.icu,,0,0,0,0,0,0,0,1,1,0,1,0,0,1
https,josefstueble.de,/vr,0,0,0,0,0,0,0,2,1,0,0,1,0,1
http,chat-whatsapp-grupo-invitacion.blogspot.com,/,0,0,0,0,1,0,1,1,1,1,0,1,0,1
http,drmarciovaleriano.com.br,/wp-content/languages/plugins/DE-de/meine/7QwjPywOsZ19g3E1C/meine.Anmelden.php,0,1,0,0,0,1,0,1,1,0,0,2,0,1
https,paiirbobxairdrop.com,,0,0,0,0,0,0,0,1,2,0,1,2,0,1
http,syncdappconnect.com,/,0,0,0,0,0,0,1,1,1,0,0,2,0,1
https,georgiasmacna.com,/wp-admin/sign.php,0,1,1,0,0,2,0,2,2,0,0,2,0,1
http,ssisltd.ibuzzgroup.com,/.anjelo/ANGEL/MicrosoftAccount.html,0,2,0,0,0,1,0,2,0,0,1,0,0,1
https,www.brooks1914.top,/h-user-LoginOrRegister.html,0,2,0,0,0,2,0,1,1,0,0,0,0,1
https,dkksilaban.helpprotections.workers.dev,/,0,0,0,0,0,2,0,1,1,0,0,0,0,1
https,sites.google.com,/view/uzl2kop/,0,0,0,0,0,2,0,0,2,0,0,2,0,1
https,fi.uy,/djf7,0,0,0,0,0,0,0,1,1,0,0,1,0,1
https,magnetapp.live,/po.php,0,0,0,0,0,0,0,2,1,0,0,1,0,1
https,cancel626511-binance-com.web.app,/,0,0,0,0,1,0,0,1,1,0,0,0,0,1
http,mjaymvnlchrlbwjlcjizmxn0.filesusr.com,/html/c69417_3069841d505568614ed8bca153fc7adf.html,0,1,0,0,0,2,0,0,2,0,0,2,0,1
http,clubeamigosdopedrosegundo.com.br,/last/,0,0,0,0,0,0,0,1,1,0,0,2,0,1
https,ikpumariana48.web.app,/,0,0,0,0,0,0,0,1,1,0,0,0,0,1
https,recoverphrase309.web.app,/,0,0,0,0,0,0,0,1,1,0,0,0,0,1
https,sunnylandingpages.com,/usroutput/themeset1_2022-01-28-17-58-51/,0,2,0,0,0,0,0,2,2,0,0,2,0,1
http,user-polygon.com,,0,0,0,0,1,0,0,1,1,0,0,0,0,1
https,recoverphrase464.firebaseapp.com,/,0,0,0,0,0,0,0,1,1,1,0,1,0,1
https,linktr.ee,/bttlee,0,0,0,0,0,0,0,0,1,0,0,0,0,1
https,secure303.inmotionhosting.com,/~shecks6/ss/,0,0,0,0,0,0,0,0,1,0,0,0,0,1
https,sites.google.com,/view/watchingregard/accueil,0,0,0,0,0,0,0,0,2,0,0,2,0,1
https,3ck.me,/l73arA,0,0,0,0,0,0,0,1,1,0,0,0,0,1
https,www.brooks-forrunning.top,/h-user-LoginOrRegister.html,0,2,0,0,1,2,0,1,1,0,0,0,0,1
https,cutt.ly,/1ODTLmN,0,0,0,0,0,0,0,0,0,0,0,0,0,1
https,sfr-mesfactures.app,/,0,0,0,0,1,0,0,1,1,0,0,0,0,1
https,docs.google.com,/forms/d/e/1FAIpQLSecK8-G3uM70IHW-AJFait5wHcec3QdowOBIZsWz8_-ET_JKQ/viewform,0,1,0,0,0,0,0,0,2,0,0,0,0,1
https,mymweb-owner.at.ua,/Email-LoginAccess.htm,0,0,0,0,1,2,0,1,1,0,1,2,0,1
https,www.my-arnazno-prime6-singin6.workers.dev,/,0,0,0,0,1,2,0,1,1,0,0,0,0,1
https,urwaxy.firebaseapp.com,/almx/index.html,0,2,1,0,0,1,0,1,1,1,0,1,0,1
https,recoverphrase365.web.app,/,0,0,0,0,0,0,0,1,1,0,0,0,0,1
http,reg.chaindaohang.com,/wp-content/uploads/2021/07/dhl/load.php,0,1,0,0,0,2,0,1,2,0,0,2,0,1
https,xsas.ugyjoad.cn,,0,0,0,0,0,0,0,1,1,0,0,0,0,1
https,sunnylandingpages.com,/usroutput/themeset1_2022-03-18-00-12-13/,0,2,0,0,0,0,0,2,2,0,0,2,0,1
https,lnkd.in,/edvVP6aX,0,0,0,0,0,0,1,0,0,0,0,0,0,1
https,aushotel.es,/themes/js/web/web/Home/,0,0,0,0,0,0,0,1,1,0,0,1,0,1
https,recoverphrase87.web.app,/,0,0,0,0,0,0,0,1,1,0,0,0,0,1
https,recoverphrase80.firebaseapp.com,/,0,0,0,0,0,0,0,1,1,1,0,1,0,1
https,t.co,/7NvaA7gSHn,0,2,0,0,0,0,1,0,1,0,0,0,0,1
https,recoverphrase335.web.app,/,0,0,0,0,0,0,0,1,1,0,0,0,0,1
https,e63q45f9h5fr.clickfunnels.com,/optine6507o5x,0,0,0,0,0,0,0,0,2,0,0,2,0,1
https,www.my.ts3card.com.vtacura.com,/client/login.php,0,2,0,0,0,1,0,1,2,0,0,2,0,1
http,stolizaparketa.ru,/wp-content/themes/twentyfifteen/css/read/chinavali/index.php,0,1,1,0,0,2,0,1,1,0,0,0,0,1
https,recoverphrase41.firebaseapp.com,/,0,0,0,0,0,0,0,1,1,1,0,1,0,1
https,docs.google.com,/forms/d/e/1FAIpQLScMZyEcgBUucCfs_5E5axn9HPruZSkqmvsEeDM0XZ1qRqB5Vg/viewform,0,1,0,0,0,0,0,0,2,0,0,0,0,1
https,verifybydomiain4.web.app,/,0,0,0,0,0,0,0,1,1,0,0,0,0,1
https,cutt.ly,/PYQpTQE,0,0,0,0,0,0,0,0,0,0,0,0,0,1
https,sites.google.com,/view/bt-voice1010010/bt-voicemesaage10120201002,0,1,0,0,0,0,0,0,2,0,0,0,0,1
https,docs.google.com,/forms/d/e/1FAIpQLScuTTyPbPh1iazuIs8aA6XVrLMAGwglMDcrrG8G2oYMsKvBvA/viewform,0,1,0,0,0,0,0,0,2,0,0,0,0,1
https,www.bnbchain.world,/en/balances,0,0,0,0,0,0,0,0,1,0,0,1,0,1
http,mednungtanpoudan-acvwe3.ga,/help_login.html,0,0,0,0,1,0,0,1,1,0,0,1,0,1
https,www.defilkigndoms.com,/,0,0,0,0,0,0,0,1,1,0,1,0,0,1
https,recoverphrase495.web.app,/,0,0,0,0,0,0,0,1,1,0,0,0,0,1
https,solicitudserviciodibus.web.app,/,0,0,0,0,0,0,0,1,1,0,0,0,0,1
https,spk-kundenberater2022.com,/sicher-einloggen,0,0,0,0,1,0,0,1,1,0,1,0,0,1
https,modulocefpjprotecao.com,/caixa/sinbc/,0,0,0,0,0,0,0,1,1,1,1,1,0,1
http,serviciosbndigitales.com,/,0,0,0,0,0,0,0,1,1,0,0,2,0,1
http,askarmotorluaraclar.com,/wp-content/themes/dunag/index.html,0,2,0,0,0,0,0,1,1,0,0,0,0,1
http,mail.hfcfit.com,/forms/forms/form1.html,0,0,0,0,0,2,1,1,1,0,0,0,0,1
http,mjaymu1hetizmtl0aa.filesusr.com,/html/c69417_3069841d505568614ed8bca153fc7adf.html,0,1,0,0,0,2,0,0,2,0,0,2,0,1
https,www.ftxbonus.site,/,0,0,0,0,0,0,0,1,1,0,0,1,0,1
http,pancaekeswap.cloud,,0,0,0,0,0,0,0,1,1,0,0,0,0,1
http,u1616792.cp.regruhosting.ru,/,0,0,0,0,0,2,0,2,1,0,0,0,0,1
http,www.macezsceri.icu,/,0,0,0,0,0,0,0,1,1,0,0,0,0,1
https,reviewpasswords15.web.app,/,0,0,0,0,0,0,0,2,1,0,0,0,0,1
https,canclinicalaboratodental.laboratordental.repl.co,/,0,2,0,0,0,2,0,1,0,0,0,0,0,1
https,bnconacional.odoo.com,/,0,0,0,0,0,0,0,0,2,0,0,0,0,1
https,linkr.bio,/vv06p6,0,0,0,0,0,0,0,0,1,0,0,1,0,1
https,aeon-ttxx.shop,,0,0,0,0,1,0,0,1,1,0,1,0,0,1
https,lbkbanprlntenetperu.com,/,0,0,0,0,0,0,0,1,1,0,0,0,0,1
https,h5.hiflyk12347.xyz,/,0,0,0,0,0,0,0,1,2,0,0,2,0,1
https,mtngifts2021.blogspot.com,/,0,0,0,0,0,0,1,1,1,1,0,1,0,1
https,reviewpasswords10.firebaseapp.com,/,0,0,0,0,0,0,0,1,1,1,0,1,0,1
https,auto.kddl.com.irtyjfh.icu,/,0,0,0,0,0,1,0,1,1,0,1,1,0,1
https,dnodeapp.cf,/main/import/address.php,0,0,0,0,0,0,0,1,1,0,1,1,0,1
http,www.tebapit.com,/,0,0,0,0,0,0,1,2,2,0,1,2,0,1
https,bit.ly,/31cwTQd,0,0,0,0,0,0,1,0,0,0,0,0,0,1
https,live-site.hopto.me,/,0,0,0,0,1,0,0,1,1,1,0,1,0,1
https,connecti-auonepay-jp.qgpiizd.cn,/login.php,0,1,0,0,1,2,0,1,1,0,0,0,0,1
https,bit.ly,/2ZAeE65,0,0,0,0,0,0,1,0,0,0,0,0,0,1
https,competent-williamson.192-210-132-115.plesk.page,/IFL/YUK/ologin.php,0,2,0,0,1,1,0,1,1,0,0,0,0,1
http,creativecombat.com,/wp-admin/network/acct/login.php,0,1,0,0,0,1,1,1,2,0,0,2,0,1
https,accounts.google.com,/ServiceLogin,0,1,0,0,0,1,0,0,2,0,0,0,1,1
https,page.vilodata.workers.dev,/,0,0,0,0,0,2,0,1,1,0,0,0,0,1
http,video-smp-viral.duckdns.org,/,0,0,0,0,1,0,0,1,1,0,0,1,0,1
https,sites.google.com,/view/mycoinwallet/,0,0,0,0,0,0,0,0,2,0,0,2,0,1
http,www.ibpm.ru,/revslider/js/jquey/java/ndidi/dalu.php,0,2,0,0,0,2,0,1,1,0,0,0,0,1
http,www.slowlinebag.jp,/wp-content/cache/login/seerpaw/Piricularia_progenitive.html,0,1,0,0,0,2,0,1,1,0,0,1,0,1
https,recoverphrase390.web.app,/,0,0,0,0,0,0,0,1,1,0,0,0,0,1
https,sites.google.com,/view/apps-securite-ob/accueil,0,2,0,0,0,0,0,0,2,0,0,0,0,1
http,pinballfinder.org,/scafantri.html,0,0,0,0,0,0,0,2,2,0,0,2,0,1
https,agora-registrando-solucoes.com,/,0,0,0,0,1,0,0,2,1,0,0,0,0,1
https,firebasestorage.googleapis.com,/v0/b/outlook-4c0f2.appspot.com/o/books%2FWebmail.htm,0,1,1,0,0,1,1,0,1,1,0,1,0,1
http,lloydsbank.deregister-payee-secure-auth.com,/Login.php,0,2,0,0,1,2,0,1,2,0,0,2,0,1
https,e769cac4.sibforms.com,/serve/MUIEAN68PRRb4Op_i-OVTBouoD0cHv-veOeJPxFEwPxEMGhvGlXGrNUPHPgNZOas9zCJva33ig5obfwFkmbyWjG9Mlkom0xlwBK_Q4MYK0gk08NGs6CdhBcPPvpj-x91TlWSeEyuTLKnSbYncRxYoAnkvda8gyKyWNAJayTbeG-dKFusnjjMnTWnJ-Th9_rB5CxzpY1TeKfDrVa9,0,1,0,0,0,0,0,0,2,0,0,2,0,1
https,foma-ura-lote.firebaseapp.com,/,0,0,0,0,1,0,0,1,1,1,0,1,0,1
https,agent.eurexmkdw.top,/,0,0,0,0,0,0,0,1,2,0,0,2,0,1
https,recoverphrase377.web.app,/,0,0,0,0,0,0,0,1,1,0,0,0,0,1
https,urli.ws,/570516A0,0,0,0,0,0,0,0,1,2,0,0,2,0,1
https,www.firl-rusten.icu,/,0,0,0,0,1,0,0,1,1,0,0,0,0,1
https,recoverphrase108.web.app,/,0,0,0,0,0,0,0,1,1,0,0,0,0,1
http,app.webwalletsauthenticate.com,,0,0,0,0,0,0,0,1,2,0,1,2,0,1
https,recoverphrase339.web.app,/,0,0,0,0,0,0,0,1,1,0,0,0,0,1
https,4season.com.kh,,0,0,0,0,0,0,0,1,1,0,0,1,0,1
http,panamageneral2022.x10.mx,/,0,0,0,0,0,0,0,2,1,0,0,0,0,1
https,connect-auoneo-jp.aroeyyz.cn,/,0,0,0,0,1,0,0,1,1,0,0,0,0,1
https,sites.google.com,/view/securitee-ob/accueil,0,0,0,0,0,0,0,0,2,0,0,0,0,1
https,fx406543docs4580246-1309906520.cos.eu-frankfurt.myqcloud.com,/fxx.htm,0,1,1,0,1,1,0,0,2,0,0,2,0,1
http,www.tecnols.com,/wp-includes/randomic/,0,2,1,0,0,2,0,1,1,0,0,0,0,1
https,plataformadigitalngsac.uno,/,0,0,0,0,0,0,0,1,1,0,1,1,0,1
http,www.duo-ange.com,/i/,0,0,1,0,1,1,0,1,1,0,0,2,0,1
https,theinvestorsclub.in,/lm/,0,0,0,0,0,0,0,1,1,0,0,0,0,1
https,auto.kddl.com.oiuytj.icu,/,0,0,0,0,0,1,0,1,1,0,1,1,0,1
https,www.contabilidaderabello.com.br,/mark.php,0,0,0,0,0,1,0,1,1,0,0,0,0,1
https,linktr.ee,/netfliix_support_team,0,0,0,0,0,0,0,0,1,0,0,0,0,1
https,bancaporlnternet.extracahs.com,/,0,0,0,0,0,0,0,1,1,1,1,1,0,1
http,codashopzy.duckdns.org,/,0,0,0,0,0,0,0,1,1,0,0,1,0,1
https,ikpumariana46.web.app,/,0,0,0,0,0,0,0,1,1,0,0,0,0,1
https,www.hiflyk87327.top,/,0,0,0,0,0,0,0,2,2,0,0,0,0,1
https,recoverphrase3.web.app,/,0,0,0,0,0,0,0,1,1,0,0,0,0,1
https,cutt.ly,/rA9WoUn,0,0,0,0,0,0,0,0,0,0,0,0,0,1
https,recoverphrase155.firebaseapp.com,/,0,0,0,0,0,0,0,1,1,1,0,1,0,1
http,gosafes.com,/wp-content/plugins/wp-super-cache/languages/api.library.php,0,1,0,0,0,2,0,1,2,0,0,2,0,1
https,h5.hiflyk66656.top,/,0,0,0,0,0,0,0,2,2,0,0,0,0,1
http,apremnsz.co.vu,/spre.html,0,0,0,0,0,2,0,0,1,0,0,1,0,1
https,all-anamoo.live,/,0,0,0,0,1,0,0,1,1,0,0,1,0,1
https,imperialecomm.com,/wordpress/l/vtx/,0,0,0,0,0,0,0,1,1,0,0,0,0,1
https,www.goldpipesteel.com,/stepid,0,1,0,0,0,0,0,1,2,0,0,2,0,1
https,ro0vc.app.link,/KmoIRITMjnb,0,0,0,0,0,0,0,0,0,0,0,0,0,1
http,128.199.185.125,/0004847855930304848555968686/39388945050302828233848488585.html,1,1,0,0,0,1,0,1,1,0,0,1,0,1
https,recoverphrase208.web.app,/,0,0,0,0,0,0,0,1,1,0,0,0,0,1
https,mjaymu1heta1dgg.filesusr.com,/html/c69417_3069841d505568614ed8bca153fc7adf.html,0,1,0,0,0,2,0,0,2,0,0,2,0,1
https,recoverphrase184.web.app,/,0,0,0,0,0,0,0,1,1,0,0,0,0,1
https,recoverphrase310.firebaseapp.com,/,0,0,0,0,0,0,0,1,1,1,0,1,0,1
https,paozeia.blogspot.com,/,0,0,0,0,0,0,1,1,1,1,0,1,0,1
https,docsharex-authorize.firebaseapp.com,/,0,0,0,0,1,0,0,1,1,1,0,1,0,1
https,www.digisigner.com,/online/showDocument,0,1,0,0,0,0,0,0,1,0,0,0,0,1
https,recoverphrase293.firebaseapp.com,/,0,0,0,0,0,0,0,1,1,1,0,1,0,1
https,backend.boursobmyh.top,/,0,0,0,0,0,0,0,1,2,0,0,0,0,1
https,aks34.github.io,/NETFLIX_CLONE/,0,0,0,0,0,0,0,1,1,0,0,1,0,1
https,bit.ly,/3nVR2mN,0,0,0,0,0,0,1,0,0,0,0,0,0,1
https,recoverphrase204.firebaseapp.com,/,0,0,0,0,0,0,0,1,1,1,0,1,0,1
https,attmailupdate23.weebly.com,/,0,0,0,0,0,0,0,1,1,0,0,0,0,1
http,bit.ly,/37r8Zo3,0,0,0,0,0,0,1,0,0,0,0,0,0,1
https,dev7029.dxxsgb6hsq3ex.amplifyapp.com,/,0,1,0,0,0,2,0,0,2,0,0,2,0,1
https,at-t-support-service1.sitey.me,/,0,0,0,0,1,0,0,0,1,0,0,0,0,1
http,s.id,/BestSign-App,0,0,0,0,0,0,0,0,1,0,0,0,0,1
https,downloadsoaac.web.app,/,0,0,0,0,0,0,0,2,1,0,0,0,0,1
https,tlstsrrara.wpengine.com,/sw/log/index.php,0,0,0,0,0,2,0,0,1,0,0,0,0,1
https,appendixleash.info,/,0,0,0,0,0,0,0,1,1,0,0,2,0,1
http,thevmc-pdf.tk,/adobe/email/security/,0,0,0,0,1,0,0,1,1,0,0,1,0,1
https,www.facmly-mseocny.icu,/,0,0,0,0,1,0,0,1,1,0,0,0,0,1
http,djstreaminghost.com,/asset/,0,1,0,0,0,0,1,1,1,0,0,0,0,1
https,www.jcaoss.co.jp-service-traniid-0001-0001m.wnrgpmd.cn,,0,2,0,0,1,1,0,1,1,0,0,0,0,1
https,recoverphrase459.web.app,/,0,0,0,0,0,0,0,1,1,0,0,0,0,1
https,dwrat.andalous.org,/.well-known/,0,0,0,0,0,2,0,2,1,0,0,0,0,1
http,bocilviralsmntk.asli2022.xyz,/,0,0,0,0,0,0,0,1,1,0,1,0,0,1
https,webmail-roundcubeblack.firebaseapp.com,/,0,0,0,0,1,0,0,1,1,1,0,1,0,1
https,storage.cloud.google.com,/rrdar99rt9qraraq99euser.appspot.com/index.html,0,1,1,0,0,1,1,0,2,0,0,2,0,1
https,spk-kundennummer.com,/sicher-einloggen,0,0,0,0,1,0,0,1,1,0,1,0,0,1
https,ap-bombcrypto-ol.blogspot.com,/,0,0,0,0,1,0,1,1,1,1,0,1,0,1
https,recoverphrase322.firebaseapp.com,/,0,0,0,0,0,0,0,1,1,1,0,1,0,1
http,smepp.uninp.edu.rs,/dme.enir/narc.php,0,0,0,0,0,1,0,2,1,0,0,1,0,1
https,bitrack.bin1link.cc,/click.php,0,1,0,0,0,2,0,1,2,0,0,2,0,1
https,connecti-auonepay-jp.keauiti.cn,/,0,0,0,0,1,0,0,1,1,0,0,0,0,1
https,recoverphrase151.web.app,/,0,0,0,0,0,0,0,1,1,0,0,0,0,1
https,icanncert.firebaseapp.com,/,0,0,0,0,0,0,0,1,1,1,0,1,0,1
https,sites.google.com,/view/attnetlogsignmail/att-net,0,2,0,0,0,0,0,0,2,0,0,2,0,1
https,sites.google.com,/view/btnvm-urgentnotice/btvmnew-note,0,2,0,0,0,0,0,0,2,0,0,0,0,1
http,mjaymu1hetqymhro.filesusr.com,/html/c69417_3069841d505568614ed8bca153fc7adf.html,0,1,0,0,0,2,0,0,2,0,0,2,0,1
https,recoverphrase251.firebaseapp.com,/,0,0,0,0,0,0,0,1,1,1,0,1,0,1
https,recoverphrase154.web.app,/,0,0,0,0,0,0,0,1,1,0,0,0,0,1
https,recoverphrase214.web.app,/,0,0,0,0,0,0,0,1,1,0,0,0,0,1
https,kexpress.co.in,/UP120021377125CH/dpdch/,0,0,0,0,0,0,0,2,1,0,0,0,0,1
http,opretretopoptk.000webhostapp.com,/comcast/Comcast_Xfinity/,0,2,0,0,0,0,0,0,0,0,0,0,0,1
https,localizexpress.com,/beacon.labor/maryland-RD620-detail-3/,0,2,0,0,0,0,0,1,0,0,0,0,0,1
https,recoverphrase132.firebaseapp.com,/,0,0,0,0,0,0,0,1,1,1,0,1,0,1
https,recoverphrase269.firebaseapp.com,/,0,0,0,0,0,0,0,1,1,1,0,1,0,1
https,sites.google.com,/view/postbppost,0,0,0,0,0,0,0,0,2,0,0,0,0,1
https,ikpumariana9.web.app,/,0,0,0,0,0,0,0,1,1,0,0,0,0,1
https,docsharex-authorize.firebaseapp.com,/docsharex-authorize.firebaseapp.com/common/oauth2/,0,1,0,0,1,1,0,1,1,1,0,1,0,1
https,gormanusa-my.sharepoint.com,/:x:/r/personal/tspencer_gormanusa_com/_layouts/15/WopiFrame.aspx,0,1,0,0,1,2,1,2,2,0,0,2,0,1
https,ume.la,/lkSeTf,0,0,0,0,0,0,0,1,1,0,0,0,0,1
https,auto-kddl.rydhjd.icu,/,0,0,0,0,1,0,0,1,1,0,1,1,0,1
https,3j124.csb.app,,0,0,0,0,0,0,0,0,1,0,0,0,0,1
https,earth01.info,/uae/retailresearch.emirates.claim.gift-cards/Almost2.html,0,1,0,0,0,1,0,1,1,0,1,2,0,1
https,recoverphrase218.web.app,/,0,0,0,0,0,0,0,1,1,0,0,0,0,1
https,informations.recovery.confiryourpage.workers.dev,/,0,2,0,0,0,1,0,1,1,0,0,0,0,1
http,www.remedykombucha.com,/ssrm.rca/cnnd.php,0,0,0,0,0,1,0,1,2,0,1,2,0,1
https,yungbulk.fun,/,0,0,0,0,0,0,0,1,1,0,1,0,0,1
https,kecc.com,/rmsnzaksfile/home,0,0,0,0,0,0,0,2,0,0,0,0,0,1
https,metamask-welb.com,/,0,0,0,0,1,0,0,1,1,0,0,0,0,1
https,maestro.my.prod.dfg152.ru,/,0,0,0,0,0,1,0,2,1,0,0,0,0,1
https,sitebuilder160409.dynadot.com,/,0,0,0,0,0,0,1,0,1,0,0,0,0,1
https,docs.google.com,/forms/d/e/1FAIpQLSe8dS15kxXDcrHFspCFRbVY6sBDhP0E4540zZMhhVzoueWvKA/viewform,0,1,0,0,0,0,0,0,2,0,0,0,0,1
http,drmarciovaleriano.com.br,/wp-content/languages/plugins/DE-de/meine/7QwjPywOsZ19g3E1C/meine.Anmelden.php,0,1,0,0,0,1,0,1,1,0,0,2,0,1
https,spk-mitarbeiter-hilfe2022.com,/sicher-einloggen,0,2,0,0,1,0,0,1,1,0,1,0,0,1
http,121.40.83.145,/inquests.php,1,2,0,0,0,1,0,1,1,0,0,1,0,1
https,obrasemcrise.com.br,/wp-includes/z/ice/,0,0,0,0,0,0,0,1,1,0,0,0,0,1
http,joyeriajireh.com.mx,/pec.libero/,0,0,0,0,0,2,0,1,1,0,0,0,0,1
https,spk-kunden-depot2022.com,/E6JCKX0B80,0,0,0,0,1,0,0,1,1,0,1,0,0,1
http,im-creator.com,/free/kennymoore12/btinternet,0,0,0,0,1,0,0,2,2,0,0,2,0,1
https,qf3nt.codesandbox.io,/,0,0,0,0,0,0,1,0,0,0,0,0,0,1
https,banivillas.com,/,0,0,0,0,0,0,0,1,1,0,0,0,0,1
https,dlsccord-group.com,,0,0,0,0,1,0,0,2,2,0,1,2,0,1
https,macst.cc,/ue/retailresearch.emirates.claim.gift-cards/s7.html,0,2,0,0,0,1,0,1,1,0,0,0,0,1
https,connecti-auonepay-jp.ehwqtcu.cn,/,0,0,0,0,1,0,0,1,1,0,0,0,0,1
https,exciting-meninsky.185-21-240-101.plesk.page,/swiss/versand/index.php,0,2,0,0,1,1,0,2,1,0,0,0,0,1
http,162.144.141.50,/,1,0,0,0,0,2,0,1,0,0,0,0,0,1
https,share.ebforms.com,/5770166615932928,0,0,0,0,0,0,0,2,2,0,0,2,0,1
https,slowlinebag.jp,/wp-content/cache/login/piebaldly/nosetiology_remould.html,0,1,0,0,0,0,0,1,1,0,0,1,0,1
https,cloud-dot-chaser-331005.uk.r.appspot.com,/,0,2,1,0,1,1,1,1,1,1,0,1,0,1
https,recoverphrase374.firebaseapp.com,/,0,0,0,0,0,0,0,1,1,1,0,1,0,1
https,www.staging.eliteautomotive.com.au,/update/wave/wave/index.html,0,1,1,0,0,1,0,1,1,0,0,1,0,1
http,52.20.22.249:8080,/BannerTool/HtmlPages/welcome.jsp,0,2,0,0,0,1,0,1,1,0,1,1,0,1
https,docs.google.com,/presentation/d/e/2PACX-1vSKgwhR2FLV0Fouv_MAc13JDyp5a-drx8TnnNd4sOc852jJoDBgoZJ44Z7_9v5_0XLKtSC10xY93ZgM/pub,0,1,0,0,0,2,0,0,2,0,0,2,0,1
https,aid-validation-human.run-us-west2.goorm.io,/,0,0,0,0,1,2,0,0,1,0,0,0,0,1
https,recoverphrase209.firebaseapp.com,/,0,0,0,0,0,0,0,1,1,1,0,1,0,1
https,www.ana.co.jp.tgbsjsy.cn,/pc/index.php,0,0,0,0,0,1,0,1,1,0,0,0,0,1
https,recoverphrase81.firebaseapp.com,/,0,0,0,0,0,0,0,1,1,1,0,1,0,1
https,recoverphrase267.web.app,/,0,0,0,0,0,0,0,1,1,0,0,0,0,1
https,recoverphrase198.web.app,/,0,0,0,0,0,0,0,1,1,0,0,0,0,1
http,clouddoc-authorize.firebaseapp.com,/...xxx,0,0,0,0,1,1,0,2,1,1,0,1,0,1
http,creativecombat.com,/wp-admin/network/acct/login.php,0,1,0,0,0,2,1,1,2,0,0,2,0,1
http,bicicentroslezama.com,/EJERCICIO/2050X/appgo.php,0,2,0,0,0,0,0,1,2,0,0,2,0,1
https,wana78420.myfreesites.net,/,0,0,0,0,0,0,0,2,1,0,0,0,0,1
http,www.im-creator.com,/free/microvalid/btcomms,0,0,0,0,1,0,0,2,2,0,0,2,0,1
https,suppliers.bitshepherd.org,/wp-content/uploads/2020/10/cgi/toda,0,2,0,0,0,0,0,1,1,0,0,0,0,1
https,lnkd.in,/ewfYcKzm,0,0,0,0,0,0,1,0,0,0,0,0,0,1
https,mail.tumedicoenlinea.mx,/ppp.php,0,0,0,0,0,2,0,1,1,0,1,0,0,1
http,axieinfinity-supportwallet.com,,0,0,0,0,1,0,1,1,2,0,0,2,0,1
https,arannexcustomer.com,/sa/__/,0,0,0,0,0,0,0,2,1,0,0,0,0,1
https,ikpumariana14.firebaseapp.com,/,0,0,0,0,0,0,0,1,1,1,0,1,0,1
https,verification.fb-page.workers.dev,/,0,0,0,0,1,2,0,1,1,0,0,0,0,1
https,doclab-console-auth.web.app,/,0,0,0,0,1,0,0,1,1,0,0,0,0,1
http,afreemart.xyz,/index.php,0,1,0,0,0,0,0,1,2,0,0,2,0,1
http,www.haroldhazard1-wixsite-com.filesusr.com,/html/3ff7c4_39f5e951394368f9e49c63fbf3166add.html,0,1,0,0,1,1,0,0,2,0,0,2,0,1
https,www.dwedw973.top,/,0,0,0,0,0,0,0,1,2,0,0,2,0,1
http,titelinedrillingintl.yolasite.com,/Quotation-Database.php,0,2,0,0,0,2,0,1,1,1,0,1,0,1
https,frisharepoint.firebaseapp.com,/,0,0,0,0,0,0,0,1,1,1,0,1,0,1
https,kghm-invest.web.app,,0,0,0,0,1,0,0,1,1,0,0,0,0,1
https,somos-solucao-agora.com,/,0,0,0,0,1,0,0,1,1,0,0,0,0,1
https,connect-auoneo-jp.oxbghpw.cn,/,0,0,0,0,1,0,0,1,1,0,0,0,0,1
http,sanjilkumar.com,/countchinabest/upload/en.php,0,0,0,0,0,0,0,1,2,0,0,2,0,1
http,doclab-console-auth.firebaseapp.com,/common/oauth2x,0,2,0,0,1,0,0,1,1,1,0,1,0,1
https,sitebuilder159921.dynadot.com,/,0,0,0,0,0,0,1,0,1,0,0,0,0,1
http,clouddoc-authorize.firebaseapp.com,/.xx./xx...x.........x/......,0,2,0,0,1,1,0,2,1,1,0,1,0,1
https,n-naoko-0319.github.io,/replica-netflix.github.io,0,2,0,0,1,1,0,1,1,0,0,1,0,1
http,lloydsbank.secure-online-deregister.com,/Login.php,0,2,0,0,1,2,0,1,1,0,0,2,0,1
https,request.br.ironmountain.com,/CEF/Login.aspx,0,2,0,0,0,1,0,2,1,0,0,2,0,1
https,mps.gaosachdanang.com,/carta.php,0,0,0,0,0,2,0,1,2,0,1,2,0,1
https,tehacarrasa.topijerami.workers.dev,/,0,0,0,0,0,2,0,1,1,0,0,0,0,1
https,sgtbalde991-dot-still-dynamics-321006.ue.r.appspot.com,/,0,2,0,0,1,1,1,1,1,1,0,1,0,1
https,s.id,/service-ids,0,0,0,0,0,0,0,0,1,0,0,0,0,1
http,faizankhan0408.github.io,/netflix-project,0,0,0,0,0,0,0,1,1,0,0,1,0,1
https,docs.google.com,/forms/d/e/1FAIpQLSeumXP-wgA1X873UpQXMI_hX8NbBllH12zZmxIa1xUQp2MGBQ/viewform,0,1,0,0,0,0,0,0,2,0,0,2,0,1
http,metamaskeverify.my-wan.de,/authen,0,0,0,0,1,0,0,1,1,0,1,1,0,1
https,docs.google.com,/forms/d/e/1FAIpQLSfP1EUKGskTRIYRAZ2CSYnqWfWTv6EhlNBsZU69DbxZ9liRTQ/viewform,0,1,0,0,0,0,0,0,2,0,0,0,0,1
https,pancakeswappshop.blogspot.com,/,0,0,0,0,0,0,1,1,1,1,0,1,0,1
https,nedriw.xyz,/geo/ie/eur/register/5/index_auth.php,0,2,0,0,0,0,0,2,2,0,1,2,0,1
https,lynk.id,/claimskinn,0,0,0,0,0,0,0,0,1,0,0,0,0,1
https,u1608052.cp.regruhosting.ru,/57415821762206932/,0,2,0,0,0,2,0,2,1,0,0,0,0,1
https,www.aolxperience.com,/reservas,0,0,0,0,0,0,0,1,2,0,0,2,0,1
https,dowaba-s2dhl.blogspot.com,/,0,0,0,0,1,0,1,1,1,1,0,1,0,1
https,pifbv.eqvoyga.cn,,0,0,0,0,0,0,0,1,1,0,0,0,0,1
https,nueva-acropolis.cl,/Cathe/,0,0,0,0,1,0,0,1,1,0,0,0,0,1
https,patient-cell-40f5.updatedlogmylogin.workers.dev,/,0,1,1,0,1,1,0,1,1,0,0,0,0,1
http,pages-community-standart-2022.co,/,0,2,0,0,1,0,0,2,1,0,0,0,0,1
https,amausercards.keqvas.xyz,,0,0,0,0,0,0,0,1,2,0,1,0,0,1
https,storage.cloud.google.com,/kkkqkl633qn6kq3lqssiiddnenen.appspot.com/index.html,0,1,1,0,0,1,1,0,2,0,0,2,0,1
https,escazuahoraperu.pe,/wp-admin/includes/api.html,0,0,0,0,0,0,0,1,1,0,0,1,0,1
https,linkr.bio,/Pagamentos22,0,0,0,0,0,0,0,0,1,0,0,1,0,1
https,recoverphrase468.web.app,/,0,0,0,0,0,0,0,1,1,0,0,0,0,1
https,lnkd.in,/dkng9_K3,0,0,0,0,0,0,1,0,0,0,0,0,0,1
http,u1616909.cp.regruhosting.ru,/,0,0,0,0,0,2,0,2,1,0,0,0,0,1
https,aeon-kiss.shop,,0,0,0,0,1,0,0,1,1,0,1,0,0,1
https,ftx1122.com,/index/index/home,0,0,0,0,0,0,0,1,1,0,1,0,0,1
http,stolizaparketa.ru,/wp-content/themes/twentyfifteen/css/read/chinavali/index.php,0,1,1,0,0,2,0,1,1,0,0,0,0,1
https,docs.google.com,/forms/d/e/1FAIpQLSeGNX2IRh_R_gtlspWO66pv4vKhT2OoBqMVJTVs4yqJj6vr7Q/viewform,0,1,0,0,0,0,0,0,2,0,0,0,0,1
https,swanholm.net,/suyro/china/,0,2,1,0,0,0,0,1,0,0,0,0,0,1
https,recoverphrase92.firebaseapp.com,/,0,0,0,0,0,0,0,1,1,1,0,1,0,1
https,100020003000567456595575877455844775915.tk,/Login_to_Facebook.html,0,2,0,0,0,0,0,1,1,0,1,1,0,1
https,accounts.google.com,/ServiceLogin,0,1,0,0,0,1,1,0,2,0,0,0,1,1
http,vidio-viral.ke1.asli2022.xyz,/,0,0,0,0,1,2,0,1,1,0,1,0,0,1
https,forms.gle,/uqZZZNxV4CfHU3YR9,0,0,0,0,0,0,0,0,1,0,0,1,0,1
https,linkr.bio,/9onwxq,0,0,0,0,0,0,0,0,1,0,0,1,0,1
https,recoverphrase233.web.app,/,0,0,0,0,0,0,0,1,1,0,0,0,0,1
https,monbudri.xyz,/geo/en/usd/register/5/index.php,0,0,0,0,0,0,0,2,2,0,1,0,0,1
https,blowfish-ltd.co.uk,/https/www.tuya.com.co/init.html,0,2,0,0,1,1,0,1,1,0,0,0,1,1
https,sites.google.com,/view/orangeb171/accueil,0,0,0,0,0,0,0,0,2,0,0,0,0,1
https,nirveg.com,/orange/,0,0,0,0,0,0,0,1,2,0,0,2,0,1
https,snaptutorial.com,/MarchNews/,0,0,0,0,0,0,0,2,1,0,0,0,0,1
https,outlok.formaloo.net,/0f0zx,0,0,0,0,0,0,0,2,1,0,0,0,0,1
http,bbmaconline.com,/signin.php,0,0,0,0,0,0,0,1,1,0,0,0,0,1
http,raynau.hyperphp.com,/,0,0,0,0,0,0,0,2,1,0,0,0,0,1
https,59z.cn,/ihO76m,0,0,0,0,0,0,0,1,1,0,0,0,0,1
https,store-hxuwtdl49.mybigcommerce.com,/tel/,0,0,0,0,1,0,0,1,1,0,0,0,0,1
https,scratched-bed.000webhostapp.com,"/jok/GMX%20E-Mail-Adresse,%20FreeMail,%20De-Mail%20&%20Nachrichten.htm",0,1,0,0,1,2,0,0,0,0,0,0,0,1
http,www.optydistribution.ca,/asset/,0,1,0,0,0,0,0,2,1,0,0,0,0,1
http,servicesbancaire.com,/index.aspx,0,1,0,0,0,0,0,1,1,0,0,0,0,1
https,pulaubiru.xyz,/,0,0,0,0,0,0,0,2,1,0,0,0,0,1
https,banconacin.zendesk.com,,0,0,0,0,0,0,0,0,0,0,0,0,0,1
http,taher-mohamed-ahmed-saad.github.io,/Facebook-Login-Page,0,2,0,0,1,0,0,1,1,0,0,1,0,1
https,www.femily-moecsny.icu,,0,0,0,0,1,0,0,1,1,0,0,0,0,1
http,www.stolizaparketa.ru,/wp-content/themes/twentyfifteen/css/read/chinavali/index.php,0,1,1,0,0,1,0,1,1,0,0,0,0,1
https,linktr.ee,/submisin,0,0,0,0,0,0,0,0,1,0,0,0,0,1
http,jasa-perjalanan-anggi-dekat-jauh-29352.web.id,/,0,0,0,0,1,0,0,1,1,0,1,0,0,1
https,defi-aavev3.info,/,0,0,0,0,1,0,0,2,1,0,0,0,0,1
http,monirshouvo.github.io,/fb_responsive,0,0,0,0,0,0,0,1,1,0,0,1,0,1
https,fluksrv.mycpanel.rs,/ch/viseca.ch,0,0,0,0,0,2,0,2,1,0,0,1,0,1
https,yuuhogo.com.br,/wp-admin/aa/excel.php,0,0,0,0,0,2,0,1,1,0,0,2,0,1
https,www.pali.lonavalafinest.com,/wp-content/g/ice/index.html,0,1,1,0,0,1,1,2,1,0,0,0,0,1
http,www.im-creator.com,/free/microvalid/bt_mail,0,0,0,0,1,0,0,2,2,0,0,2,0,1
https,recoverphrase114.firebaseapp.com,/,0,0,0,0,0,0,0,1,1,1,0,1,0,1
https,samvision.com.tr,/wp-includes/certificates/online.unionbankph.com/login/login.php,0,1,0,0,0,1,0,2,1,0,0,1,0,1
https,h5.kpdwpl552.top,/,0,0,0,0,0,0,0,1,2,0,0,0,0,1
https,forms.gle,/b7LqAaL42JUfFiW1A,0,0,0,0,0,0,0,0,1,0,0,1,0,1
https,www.flowcode.com,/page/xpsatt,0,0,0,0,0,0,0,0,0,0,0,0,0,1
https,qbi9n9.firebaseapp.com,/,0,0,0,0,0,0,0,1,1,1,0,1,0,1
https,ikpumariana24.web.app,/,0,0,0,0,0,0,0,1,1,0,0,0,0,1
https,j.mp,/3Gydg8x,0,0,0,0,0,0,1,2,1,0,0,1,0,1
http,www.mahasiswabicara.com,/new-balance-zapatilas-mujer.html,0,2,0,0,0,2,0,1,1,0,0,0,0,1
https,new-recipient.com,/,0,0,0,0,1,0,1,2,1,0,0,0,0,1
https,lnkd.in,/gFUdG_bW,0,0,0,0,0,0,1,0,0,0,0,0,0,1
http,ec2-3-80-182-92.compute-1.amazonaws.com,/mein/login/api/v1/account/login/,0,1,0,0,1,2,0,0,2,0,0,2,0,1
http,veredicto63.hostfree.pw,/,0,0,0,0,0,0,0,2,1,0,0,0,0,1
https,ww.jeastt.co.jp-card-sercivelist.zrghshd.cn,/,0,0,0,0,1,1,1,1,1,0,0,0,0,1
http,clouddoc-authorize.firebaseapp.com,/...x,0,0,0,0,1,1,0,2,1,1,0,1,0,1
https,inof-auoneo-jp.oventbl.cn,/,0,0,0,0,1,0,0,1,1,0,0,0,0,1
https,survey18-aws.toluna.com,/wix/p1178715.aspx,0,0,0,0,1,2,0,0,1,0,0,2,0,1
https,yhjfgjg.zhjexud.cn,,0,0,0,0,0,0,0,1,1,0,0,0,0,1
https,sites.google.com,/view/richcoff/bt-business,0,0,0,0,0,0,0,0,2,0,0,0,0,1
https,mail-gmxaktualisierung.yolasite.com,/,0,0,0,0,1,0,0,1,1,1,0,1,0,1
http,aktualizacja.jst.pl,/direct%20/alibaba/alibaba/,0,0,0,0,0,0,0,1,1,0,0,0,0,1
https,sites.google.com,/view/activationagrisecuriplus/accueil,0,2,0,0,0,0,0,0,2,0,0,2,0,1
https,tcaconnect.ac-page.com,/toronto-construction-association-inc,0,2,0,0,1,0,0,0,2,0,0,2,0,1
https,docs.google.com,/forms/d/e/1FAIpQLSd3X6brNru3toiIOnPtOrDwMc4zoRXCky1ebPmEg6bb4jfUcA/viewform,0,1,0,0,0,0,0,0,2,0,0,2,0,1
https,docs.google.com,/forms/d/e/1FAIpQLSfP1EUKGskTRIYRAZ2CSYnqWfWTv6EhlNBsZU69DbxZ9liRTQ/viewform,0,1,0,0,0,0,0,0,2,0,0,2,0,1
https,maxis-winner-2020.webs.com,/,0,0,0,0,1,0,0,1,0,0,0,0,0,1
http,aunoac.com,/,0,0,0,0,0,0,0,1,2,0,0,2,0,1
http,starttsboxfile.myfreesites.net,/,0,0,0,0,0,0,0,2,1,0,0,0,0,1
http,kuchkuchnights.com,/blog,0,0,0,0,0,0,0,1,1,0,0,2,0,1
https,recoverphrase291.firebaseapp.com,/,0,0,0,0,0,0,0,1,1,1,0,1,0,1
https,plg-polygon-tecnology.blogspot.com,/,0,0,0,0,1,0,1,1,1,1,0,1,0,1
http,5000000000000879465853549879724.tk,/checkpoint_next.html,0,2,0,0,0,0,0,1,1,0,1,1,0,1
https,claritysso.com,/wp-includes/asset/,0,1,0,0,0,0,0,2,2,0,0,2,0,1
http,www.designerlakehouse.com,/temp/surf2.php,0,0,0,0,0,2,0,1,2,0,0,2,0,1
http,bit.do,/fSf6L,0,0,0,0,0,0,1,0,1,0,0,0,0,1
https,connect-auoneo-jp.snjwjer.cn,/,0,0,0,0,1,0,0,1,1,0,0,0,0,1
https,www.kpdwpl785.top,/,0,0,0,0,0,0,0,1,2,0,0,2,0,1
https,niisan.xyz,/,0,0,0,0,0,0,0,1,1,0,0,0,0,1
https,fxhalifax.com,/,0,0,0,0,0,0,1,1,1,0,0,0,0,1
https,www2.mobilesuica.com.login.eygf.cn,/index/index/login.html,0,2,0,0,0,1,0,1,1,0,0,0,0,1
http,www.decentrelgames.org,/,0,0,0,0,0,0,0,1,1,0,1,2,0,1
https,docs.google.com,/forms/d/e/1FAIpQLScNdiQYFU0GtgWoMCWsY-8nadvzGLJRPDHkv6PedGH0AvniAg/viewform,0,1,0,0,0,0,0,0,2,0,0,0,0,1
https,sitebuilder157806.dynadot.com,/,0,0,0,0,0,0,1,0,1,0,0,0,0,1
https,v.ht,/YOgs,0,0,0,0,0,0,0,0,1,0,0,0,0,1
http,omuwuj.com,/TEPB3bl,0,0,0,0,0,0,0,1,1,0,1,0,0,1
https,tricky-crab-4.loca.lt,/,0,0,0,0,1,0,0,2,1,0,0,1,0,1
https,sites.google.com,/view/hbxchx,0,0,0,0,0,0,0,0,2,0,0,2,0,1
https,ormantencs112.odoo.com,/,0,0,0,0,0,0,0,0,1,0,0,0,0,1
https,scatter-roninchain.net,/,0,0,0,0,1,0,0,2,1,0,1,0,0,1
https,recoverphrase211.firebaseapp.com,/,0,0,0,0,0,0,0,1,1,1,0,1,0,1
https,cloud22-47373.web.app,/page.html,0,1,0,0,1,2,0,1,1,0,0,0,0,1
https,recoverphrase84.web.app,/,0,0,0,0,0,0,0,1,1,0,0,0,0,1
http,clubeliveloprime.me,/,0,0,0,0,0,0,0,1,1,0,0,0,0,1
https,post-ch-de.34224.info,/order/CH514870977/DE,0,0,0,0,1,0,0,1,1,0,0,0,0,1
https,polyqon-technology-connect-wallet.blogspot.com,/,0,2,0,0,1,0,1,1,1,1,0,1,0,1
https,h5.boursoramazl.cc,/,0,0,0,0,0,0,0,1,2,0,1,2,0,1
http,www.stolizaparketa.ru,/wp-content/themes/twentyfifteen/css/read/chinavali/index.php,0,1,1,0,0,1,0,1,1,0,0,0,0,1
https,top10songsnews.com,/Jendolistical/ourtime123/ourtime.php,0,1,0,0,0,0,0,1,2,0,0,0,0,1
https,bit.ly,/37WSsuw,0,0,0,0,0,0,1,0,0,0,0,0,0,1
https,jp.au.kdda.zwipih.cn,/,0,0,0,0,0,1,0,1,1,0,0,0,0,1
http,monbudri.xyz,/geo/dk/eur/register/5/index.php,0,0,0,0,0,0,0,2,1,0,1,0,0,1
http,bit.do,/sca-formulier,0,0,0,0,0,0,1,0,1,0,0,0,0,1
https,all-anamoo.club,/,0,0,0,0,1,0,0,2,1,0,0,0,0,1
https,sites.google.com,/view/orangebank-secure-secure/accueil,0,2,0,0,0,0,0,0,2,0,0,0,0,1
http,drmarciovaleriano.com.br,/wp-content/languages/plugins/DE-de/meine/7QwjPywOsZ19g3E1C/meine.Anmelden.php,0,1,0,0,0,1,0,1,1,0,0,2,0,1
https,recoverphrase382.firebaseapp.com,/,0,0,0,0,0,0,0,1,1,1,0,1,0,1
https,soci-molen.web.app,/,0,0,0,0,1,0,0,1,1,0,0,0,0,1
https,auto-kddl.truhtd.icu,/,0,0,0,0,1,0,0,1,1,0,1,1,0,1
https,casadoborracheiroxx.blogspot.com,/,0,0,0,0,0,0,1,1,1,1,0,1,0,1
https,withkoji.com,/@BT_Teem,0,0,1,0,0,0,0,0,1,0,0,0,0,1
http,dm2.opq.pa-tarutung.go.id,///,0,1,0,1,1,1,0,2,1,0,0,0,0,1
https,sites.google.com,/view/attfeatures/home,0,0,0,0,0,0,0,0,2,0,0,2,0,1
https,ksk-de-aktivierung.de,/ksk/sparkasse/de/login/ID74568734653463/,0,2,0,0,1,0,0,1,1,0,1,1,0,1
https,verifybydomiain24.web.app,/,0,0,0,0,0,0,0,1,1,0,0,0,0,1
http,www.netciti.id,/pdf/O/login.php,0,2,0,0,0,2,0,1,1,0,0,1,0,1
https,www.ana.co.jp.jqvyylb.cn,/,0,0,0,0,0,1,0,1,1,0,0,0,0,1
https,adpunemploymentclaims.sharefile.com,/getinfo/2744c5de-3c54-49e6-855b-56596da1caa3,0,1,0,0,0,0,0,0,2,0,0,2,0,1
https,connecti-auonepay-jp.fnlogby.cn,/,0,0,0,0,1,0,0,1,1,0,0,0,0,1
https,missionshashank.org,/boxMrenewal.php,0,1,0,0,0,1,0,1,1,0,0,0,0,1
https,recoverphrase364.web.app,/,0,0,0,0,0,0,0,1,1,0,0,0,0,1
http,wwwskyauction.com,/Login,0,1,0,0,0,0,0,1,2,0,1,2,0,1
http,www.228.94.92.rev.sfr.net.gghost.ru,/,0,0,0,0,0,1,0,1,1,0,0,0,0,1
https,agent.bhiflyk74074.xyz,/,0,0,0,0,0,0,0,1,2,0,0,0,0,1
http,simon-ahah-2822.baru2022.com,/,0,0,0,0,1,0,0,2,2,0,1,2,0,1
https,user-deny.com,/Login.php,0,0,0,0,1,0,0,1,2,0,1,2,0,1
http,sites.google.com,/view/feriousca/accueil,0,0,0,0,0,0,0,0,2,0,0,0,0,1
http,www.student.auckland.nz.zrdigital.cn,/,0,0,0,0,0,1,0,2,1,0,0,0,0,1
https,www.lisfer-resnetnso.icu,/,0,0,0,0,1,0,0,1,1,0,0,0,0,1
https,www.boefree.com,/en_us/account-login/,0,0,0,0,0,0,0,1,2,0,0,2,0,1
https,recoverphrase466.web.app,/,0,0,0,0,0,0,0,1,1,0,0,0,0,1
http,qss1a.hyperphp.com,/,0,0,0,0,0,0,0,2,1,0,0,0,0,1
https,vk.com,/away.php,0,1,1,0,0,1,0,0,2,0,0,2,1,1
https,ikpumariana44.web.app,/,0,0,0,0,0,0,0,1,1,0,0,0,0,1
https,mic-cinautheticate.pages.dev,/authenticate,0,2,0,0,1,0,0,1,0,0,0,0,0,1
http,slowlinebag.jp,/wp-content/cache/login/glycosine/urechitoxin_archicleistogamy.html,0,1,0,0,0,0,0,1,1,0,0,1,0,1
https,uxs8ti.csb.app,/Cluefile.htm,0,0,1,0,0,1,0,0,1,0,0,0,0,1
https,onee-a0488.web.app,/,0,0,1,0,1,2,0,1,1,0,0,0,0,1
https,www.securecuserver.co.uk,/~harlowsave/webapp/login.php,0,2,0,0,0,1,0,2,0,0,0,0,0,1
https,www.jcass.co.jp-service-traniid-0001-0001n.jfhadvw.cn,,0,2,0,0,1,1,0,1,1,0,0,0,0,1
http,videoriproduzione.mex.tl,/,0,0,0,0,0,2,0,0,1,0,0,0,0,1
https,inthewildproductions.com,/k7l8Y1202/and/status/repporte/index.php,0,1,0,0,0,0,0,1,1,0,0,0,0,1
http,encryptdrive.booogle.net,/,0,1,0,0,0,0,0,2,0,0,0,0,0,1
http,claus.bz,/983467232/LUNO,0,0,0,0,0,0,0,1,1,0,0,1,0,1
https,recoverphrase167.firebaseapp.com,/,0,0,0,0,0,0,0,1,1,1,0,1,0,1
https,zerouno6.ch,/1/,0,0,0,0,0,0,0,1,1,0,0,1,0,1
https,coxium.vr2nr67ut.cn,,0,0,0,0,0,0,0,2,1,0,0,0,0,1
https,sites.google.com,/view/securites-ob/accueil,0,0,0,0,0,0,0,0,2,0,0,0,0,1
https,drive.google.com,/file/d/1GINBNlpVt7kpfNog9A68fqmn7k3aivUi,0,2,0,0,0,0,0,0,2,0,0,0,0,1
https,recoverphrase110.web.app,/,0,0,0,0,0,0,0,2,1,0,0,0,0,1
https,spk-kundendienst2022.com,/sicher-einloggen,0,0,0,0,1,0,0,1,1,0,1,0,0,1
https,bit.ly,/3reOvVV,0,0,0,0,0,0,1,0,0,0,0,0,0,1
https,tinyurl.com,/BAPR-private,0,0,0,0,0,0,1,0,0,0,0,0,0,1
https,ikpumariana43.web.app,/,0,0,0,0,0,0,0,1,1,0,0,0,0,1
http,www.sunbeltmembers.com,/dev/images/Billing/update/amazon/7d0a0bda329bbce1b11a/,0,1,0,0,0,0,0,1,2,0,0,2,0,1
https,agent.deribitbmyh.top,/,0,0,0,0,0,0,0,2,2,0,0,2,0,1
http,ht.ly,/HgAV30rUOHF,0,0,0,0,0,0,0,2,0,0,0,0,0,1
https,identifiez-vous598.yolasite.com,/,0,0,0,0,1,0,0,1,1,1,0,1,0,1
http,fidelitybank-mn.net,,0,0,0,0,1,0,0,1,1,0,0,0,0,1
http,package2021.blogspot.com,/,0,0,0,0,0,0,1,2,1,1,0,1,0,1
https,procservautomatizacion.com,/,0,0,0,0,0,0,0,1,1,0,0,0,0,1
http,109edc5b.ssdtfgyb09.pages.dev,/,0,0,0,0,0,2,0,1,0,0,0,0,0,1
http,blog.zhaimob.com,/zhaimob/,0,0,1,0,0,2,0,2,1,0,0,0,0,1
https,vk.com,/away.php,1,2,0,0,0,1,0,0,2,0,0,2,1,1
https,reviewpasswords18.web.app,/,0,0,0,0,0,0,0,1,1,0,0,0,0,1
https,www.lgtwealthmanagements.com,/login.html,0,0,0,0,0,2,0,1,1,0,0,0,0,1
http,br-binance.com,/home/controle.php,0,1,1,0,1,2,0,1,1,0,1,0,0,1
http,haunlimited.org,/disheartening.php,0,0,0,0,0,0,0,1,1,0,0,0,0,1
https,backend.qwth0582.xyz,/,0,0,0,0,0,0,0,1,2,0,0,0,0,1
https,recoverphrase486.web.app,/,0,0,0,0,0,0,0,1,1,0,0,0,0,1
https,fgdgf.zfuzgbd.cn,,0,0,0,0,0,0,0,1,1,0,0,0,0,1
http,pecoranigh.t.justns.ru,/,0,0,0,0,0,2,0,2,1,0,0,0,0,1
https,ameli-frconnect.fr,/,0,0,0,0,1,0,0,1,1,0,1,1,0,1
https,micuenta01.github.io,/mi,0,0,0,0,0,0,0,1,1,0,0,1,0,1
https,08863299.sso-secure-mail0454etr.pages.dev,/,0,1,1,0,1,1,0,1,0,0,0,0,0,1
https,bit.ly,/3d7eZUB,0,0,0,0,0,0,1,0,0,0,0,0,0,1
https,mexcby.com,/,0,0,0,0,0,0,0,1,1,0,0,0,0,1
https,h5.hiflyk75995.top,/,0,0,0,0,0,0,0,1,2,0,0,0,0,1
http,congresosba.com.ar,/dbox%20(2)/vinc/,0,0,0,0,0,0,0,1,1,0,0,2,0,1
http,site9434107.92.webydo.com,/,0,0,0,0,0,2,0,2,2,0,0,2,0,1
https,www.gonzaleztransformacion.com.mx,/wc-logs/postbank/home/pstB-id.php,0,1,0,0,0,1,0,2,0,0,0,0,0,1
https,recoverphrase2.firebaseapp.com,/,0,0,0,0,0,0,0,1,1,1,0,1,0,1
https,t.co,/7NvaA7gSHn,0,2,0,0,0,0,1,0,1,0,0,0,0,1
http,bit.do,/fTYVD,0,0,0,0,0,0,1,0,1,0,0,0,0,1
https,prestam1spe.zonasegvrap1chincha-pe.online,/,0,0,0,0,1,0,0,1,1,0,1,1,0,1
https,reviewpasswords29.firebaseapp.com,/,0,0,0,0,0,0,0,1,1,1,0,1,0,1
https,klockorochsmycken.se,/wp-content/uploads/2020/12/index.html,0,1,0,0,0,0,0,2,1,0,0,0,0,1
https,recoverphrase257.web.app,/,0,0,0,0,0,0,0,1,1,0,0,0,0,1
https,recoverphrase65.web.app,/,0,0,0,0,0,0,0,1,1,0,0,0,0,1
https,recoverphrase70.web.app,/,0,0,0,0,0,0,0,1,1,0,0,0,0,1
https,mail-ssocloud-srvr67yhguh.pages.dev,/,0,0,0,0,1,0,0,1,0,0,0,1,0,1
https,sites.google.com,/view/orangemyconnect/accueil,0,0,0,0,0,0,0,0,2,0,0,2,0,1
https,vk.com,/away.php,0,1,1,0,0,1,0,0,2,0,0,2,1,1
http,www.storenike365.top,/M,0,0,0,0,0,0,0,1,1,0,0,0,0,1
https,swisspost-784gf5.softr.app,/,0,0,0,0,1,0,0,0,1,0,0,1,0,1
http,bokepp-viral-indo.duckdns.org,/,0,0,0,0,1,0,0,1,1,0,0,1,0,1
http,city-of-jazz.de,/modules/account.php,0,1,0,0,1,0,0,1,1,0,0,1,0,1
https,macst.cc,/ue/retailresearch.emirates.claim.gift-cards/s6.html,0,2,0,0,0,1,0,1,1,0,0,0,0,1
https,beautybydriphigh.com,/wabet/,0,0,0,0,0,0,0,1,1,0,0,0,0,1
https,sebene27.github.io,/apple.com-clone-bootstrap/,0,0,0,0,0,2,0,1,1,0,0,1,0,1
https,recoverphrase213.web.app,/,0,0,0,0,0,0,0,1,1,0,0,1,0,1
https,key-drcp.com,,0,0,0,0,1,0,0,1,1,0,0,0,0,1
https,recoverphrase37.firebaseapp.com,/,0,0,0,0,0,0,0,1,1,1,0,1,0,1
https,thesmartarchitecture.com,/correos/Seleccione_medio_de_pago.php,0,2,0,0,0,0,0,2,1,0,0,0,0,1
https,auto-kddl.etdbd.icu,/,0,0,0,0,1,0,0,1,1,0,1,1,0,1
https,fghth.jxko0sjh.cn,,0,0,0,0,0,0,0,1,1,0,0,0,0,1
https,damp-f43e.recovery-page-secur.workers.dev,,0,0,0,0,1,2,0,1,1,0,0,0,0,1
https,cfa1d829.sibforms.com,/serve/MUIEAMDY1-jLm92JUhiOTsRpXyRkF1IplKwUIn_oOrRLIKzM0PvuMCdyMCtqT1GTe-qFCUCbUpCDTShe2oy_CTGBin8v2nK-7sAzrX95OE2bPe650-NSlxY3PNjJv3-4ERZwl5NUTa4st7zKGS1GZrLN9So8uiPfoER3k_HJIe3l5C_eaUCzYWmvN9nRGMF5qztnEUTyPhw51gbs,0,1,0,0,0,0,0,0,2,0,0,2,0,1
http,joingrup.bokepluar.asli2022.xyz,/,0,0,0,0,0,2,0,1,1,0,1,0,0,1
http,site9423623.92.webydo.com,/,0,0,0,0,0,2,0,2,2,0,0,2,0,1
https,recoverphrase493.firebaseapp.com,/,0,0,0,0,0,0,0,1,1,1,0,1,0,1
http,mpagosecurityssl-br.pagina-oficial.com,/,0,2,0,0,1,0,0,2,2,0,0,2,0,1
https,backend.itbitwde.top,/,0,0,0,0,0,0,0,1,2,0,0,0,0,1
https,theneontree.in,/wp-content/aaaa.php,0,0,0,0,0,0,0,2,1,0,0,0,0,1
http,metamassklogins-us.tumblr.com,,0,0,0,0,1,0,0,1,0,0,0,0,0,1
https,docs.google.com,/forms/d/e/1FAIpQLSdFYxb1kJJvKaiwbbpbGr0DfAq1Xx2ehHzBXnt3adnDsSy1Yw/viewform,0,1,0,0,0,0,0,0,2,0,0,0,0,1
https,recoverphrase208.firebaseapp.com,/,0,0,0,0,0,0,0,1,1,1,0,1,0,1
https,www.lisfer-resoetnno.icu,/,0,0,0,0,1,0,0,1,1,0,0,0,0,1
https,docsharex-authorize.web.app,/,0,0,0,0,1,0,0,1,1,0,0,0,0,1
http,www.bancaporlnternetlnterbarnk.gk2q94tj.xyz,/,0,0,0,0,0,2,0,1,1,0,0,2,0,1
http,walletvalidators.com,/validation.php,0,0,0,0,0,0,0,1,1,0,0,0,0,1
https,recoverphrase350.web.app,/,0,0,0,0,0,0,0,1,1,0,0,0,0,1
http,cameback-mordecai.com,/china/index.php,0,0,0,0,1,0,0,2,1,0,0,0,0,1
https,recoverphrase465.web.app,/,0,0,0,0,0,0,0,1,1,0,0,0,0,1
https,pe1ny7sg5wrbs-hgvt6qjdpb.web.app,/,0,0,0,0,1,0,0,1,1,0,0,0,0,1
https,communitychurch-my.sharepoint.com,/:b:/g/personal/infonoreply_communitychurch_tv/EbuRRkY2tKlImIIiqF0Ia5kBbhKaXaypf06-08Wf9wjEBQ,0,1,0,0,1,0,1,1,2,0,0,2,0,1
https,slowlinebag.jp,/wp-content/cache/login/glycosine/urechitoxin_archicleistogamy.html,0,1,0,0,0,0,0,1,1,0,0,1,0,1
https,bujikena.web.app,/,0,0,0,0,0,0,0,1,1,0,0,0,0,1
https,recoverphrase391.firebaseapp.com,/,0,0,0,0,0,0,0,1,1,1,0,1,0,1
https,firebasestorage.googleapis.com,/v0/b/outlook-4c0f2.appspot.com/o/books%2FWebmail.htm,0,1,1,0,0,1,1,0,1,1,0,1,0,1
http,www.ratewatch.net,/cc/snap/Xej2aEQavwZp3b2WGXhE2tI8g46HugMOW/1650117966/672515249291996894535_R_109_temp.html,0,1,0,0,0,2,0,1,1,0,0,0,0,1
http,xj33s.mjt.lu,/lnk/AVcAABaXZR8AAAAAAAAAABCd7ncAAAAAovwAAAAAABUjnQBfvN0oSumPedHwRbK8BJBALeXLiwAU7dQ/3/1UV6iTBBt_5XeYEiCtWZVg/aHR0cHM6Ly9iaXQubHkvM280Nzh1VA,0,1,0,0,0,0,0,0,1,0,0,1,0,1
https,salmanfarsi01.github.io,/Facbook-Login-and-signin-clone/,0,2,0,0,0,0,0,1,1,0,0,1,0,1
https,linktr.ee,/BT5644,0,0,0,0,0,0,0,0,1,0,0,0,0,1
https,qsh74pekkv5e8.clickfunnels.com,/optin1640367371837,0,2,0,0,0,0,0,0,2,0,0,2,0,1
https,h5.gicsdh.cc,/,0,0,0,0,0,0,0,1,2,0,0,2,0,1
http,ftx012.com,/index/index/home,0,0,0,0,0,0,0,1,2,0,0,2,0,1
https,reviewpasswords35.web.app,//,0,0,0,1,0,0,0,1,1,0,0,0,0,1
https,storage.cloud.google.com,/acc03lzzl4m3izm03iauserpowa.appspot.com/index.html,0,1,1,0,0,1,1,0,2,0,0,0,0,1
https,backend.zbgstmkgw.top,/,0,0,0,0,0,0,0,1,1,0,1,0,0,1
https,sites.google.com,/view/utereue/home,0,0,0,0,0,0,0,0,2,0,0,0,0,1
https,recoverphrase330.web.app,/,0,0,0,0,0,0,0,1,1,0,0,0,0,1
https,www.jcass.co.jp-service-traniid-0001-0001n.lukpkmm.cn,,0,2,0,0,1,1,0,1,1,0,0,0,0,1
https,ovh-cl0ud.web.app,/,0,0,0,0,1,0,0,1,1,0,0,0,0,1
https,lnkd.in,/ez2wD7TG,0,0,0,0,0,0,1,0,0,0,0,0,0,1
https,www.chinmayavidyalayarspuram.com,/js2/linkedin/linknewin/LINKEDIN/,0,2,0,0,0,0,0,2,1,0,0,0,0,1
https,sunnylandingpages.com,/usroutput/themeset1_2022-01-24-15-44-12/,0,2,0,0,0,0,0,2,2,0,0,2,0,1
http,dyn.co,/7BZyWbo,0,0,0,0,0,0,0,2,1,0,0,0,0,1
https,recoverphrase11.firebaseapp.com,/,0,0,0,0,0,0,0,1,1,1,0,1,0,1
https,connecti-auonepay-jp.gjffnsw.cn,/,0,0,0,0,1,0,0,1,1,0,0,0,0,1
https,www.gicsingaporetrade.com,/login.html,0,0,0,0,0,2,0,1,1,0,0,0,0,1
http,aromatic.webenliven.in,/wp-admin/css/trust/sun/cd.php,0,1,0,0,0,2,0,1,1,0,0,0,0,1
https,inpost-pl-zai.accept8145.me,,0,0,0,0,1,0,0,1,1,0,0,0,0,1
https,ikpumariana37.firebaseapp.com,/,0,0,0,0,0,0,0,1,1,1,0,1,0,1
http,psd2-kunde95133.info,/,0,0,0,0,1,0,0,1,1,0,0,0,0,1
https,www.enbolivia.com,/file/tor/,0,0,0,0,0,0,0,2,2,0,0,2,0,1
https,sites.google.com,/view/form-recovery/details,0,0,0,0,0,0,0,0,2,0,0,0,0,1
https,pathospitals.com,/wp-admin/user/schwab_policy/home/login.php,0,2,0,0,0,0,0,1,2,0,0,2,0,1
http,a.60b7ac265566e3da4341f765b2d2a73200f8f1db57b0b005a1afdc00.com,/,0,2,0,0,0,0,0,1,2,0,0,2,0,1
https,recoverphrase225.firebaseapp.com,/,0,0,0,0,0,0,0,1,1,1,0,1,0,1
https,oneone-a38ef.web.app,/,0,2,1,0,1,2,0,1,1,0,0,0,0,1
http,208.82.115.230,/wp-includes/css/en/error.php,1,0,0,0,0,1,0,1,1,0,0,2,0,1
https,recoverphrase274.firebaseapp.com,/,0,0,0,0,0,0,0,1,1,1,0,1,0,1
https,docs.google.com,/forms/d/e/1FAIpQLSdYBQFLFptObqsLhflYTIC3G936BNoJaljZTk6Ct1d5MJvnnw/viewform,0,1,0,0,0,0,0,0,2,0,0,2,0,1
https,airdropbysolana.com,/,0,0,0,0,0,0,0,1,1,0,0,0,0,1
https,recoverphrase270.firebaseapp.com,/,0,0,0,0,0,0,0,1,1,1,0,1,0,1
http,yted23.hyperphp.com,/,0,0,0,0,0,0,0,2,1,0,0,0,0,1
https,lnk.to,/jHwP73lD/,0,2,0,0,0,0,0,0,1,0,0,1,0,1
http,179.43.140.208,/ch/chase/card_info.html,1,0,0,0,0,1,0,1,1,0,0,1,0,1
http,verificationmetamask.rf.gd,,0,0,0,0,0,0,0,0,1,0,0,1,0,1
https,cutt.ly,/aOOOohF,0,0,0,0,0,0,0,0,0,0,0,0,0,1
https,alinafischer.clickfunnels.com,/optin1647044856795,0,2,0,0,0,0,0,0,2,0,0,2,0,1
https,reviewpasswords35.firebaseapp.com,,0,0,0,0,0,0,0,1,1,1,0,1,0,1
http,baradua.it,/wp/wp-content/plugins/MADE/files/top.html,0,2,0,0,0,0,0,1,1,0,0,0,0,1
http,www.stolizaparketa.ru,/wp-content/themes/twentyfifteen/css/read/chinavali/index.php,0,1,1,0,0,1,0,1,1,0,0,0,0,1
https,unojapano.com,/wp-admin/orange/orange,0,0,0,0,0,0,0,2,1,0,0,0,0,1
https,hacof.com,/type/user,0,1,0,0,0,0,0,1,1,0,0,0,0,1
https,recoverphrase103.firebaseapp.com,/,0,0,0,0,0,0,0,1,1,1,0,1,0,1
https,oneone-a38ef.web.app,/,0,2,1,0,1,1,0,1,1,0,0,0,0,1
https,fhfggh.ksife401.cn,,0,0,0,0,0,0,0,2,1,0,0,0,0,1
https,www.jcaoss.co.jp-service-traniid-0001-0001m.xrocxul.cn,/pc/jaccs_login.php,0,1,0,0,1,1,0,1,1,0,0,0,0,1
https,networksolutions-fd.web.app,/,0,0,0,0,1,0,0,1,1,0,0,0,0,1
https,sport.protected-secur.workers.dev,/,0,0,0,0,1,2,0,1,1,0,0,0,0,1
https,recoverphrase382.web.app,/,0,0,0,0,0,0,0,1,1,0,0,0,0,1
https,infosprologinmatrisemomols.yolasite.com,/,0,0,0,0,0,0,0,1,1,1,0,1,0,1
https,connecti-auonepay-jp.nntftsy.cn,/login.php,0,1,0,0,1,2,0,1,1,0,0,0,0,1
https,drbazzpinx.topijerami.workers.dev,/,0,0,0,0,0,2,0,1,1,0,0,0,0,1
https,109edc5b.ssdtfgyb09.pages.dev,/,0,0,0,0,0,2,0,1,0,0,0,0,0,1
https,umu.link,/SDGBHJLKKJGGFH,0,0,0,0,0,0,0,2,1,0,0,0,0,1
https,caseid4785055283customerservice.blogspot.com,/,0,0,0,0,0,0,1,1,1,1,0,1,0,1
https,sparkasse-finanzgruppe.de,/anmelden,0,0,0,0,1,0,0,1,1,0,0,1,0,1
https,daycoval.contrato.srv.br,/,0,0,0,0,0,2,0,1,0,0,0,2,0,1
http,solanahackerhouse.com,,0,0,0,0,0,0,0,1,2,0,0,2,0,1
http,tellmeliu.github.io,/proyecto,0,0,0,0,0,0,0,1,1,0,0,1,0,1
https,warriorplus.com,/o2/a/f5s4y/0,0,0,0,0,0,0,0,0,1,0,0,0,0,1
http,tecmachine.com.br,/data/api/conta.stone.com.br/login1/index.php,0,2,0,0,0,1,0,1,1,0,0,2,0,1
https,recoverphrase93.web.app,/,0,0,0,0,0,0,0,1,1,0,0,0,0,1
https,recoverphrase345.web.app,/,0,0,0,0,0,0,0,1,1,0,0,0,0,1
http,xj4og.mjt.lu,/lnk/AMQAAIpNQI0AAAAAAAAAALqcb3oAAYCsRpIAAAAAABUnawBfvNYtv3QL9XNmSZWrZ8exP-sgbQAU8Vk/3/OxVgdi9NhvhhZvfHBwlGLA/aHR0cHM6Ly9iaXQubHkvM280Nzh1VA,0,1,0,0,0,0,0,0,1,0,0,1,0,1
https,forms.gle,/xxJQMu6LuzkpNALG6,0,0,0,0,0,0,0,0,1,0,0,1,0,1
https,recoverphrase69.web.app,/,0,0,0,0,0,0,0,1,1,0,0,0,0,1
https,sites.google.com,/view/orangeban/accueil,0,0,0,0,0,0,0,0,2,0,0,0,0,1
https,docu-shar3point-st0rage.firebaseapp.com,/,0,0,0,0,1,0,0,1,1,1,0,1,0,1
http,metamask-welb.com,,0,0,0,0,1,0,0,1,1,0,0,0,0,1
https,trre.batoota.pk,/IN/,0,0,0,0,0,0,0,2,1,0,0,1,0,1
https,andersonstrategic.com.au,/sl.html,0,2,1,0,0,1,0,1,1,0,0,1,0,1
https,server-networksolutions.web.app,/,0,2,1,0,1,2,0,1,1,0,0,0,0,1
https,share-eu1.hsforms.com,/1nf2c-aODRjqDZGGr2Mg9xAevrta,0,2,0,0,1,0,0,0,2,0,0,2,0,1
http,newrydramafestival.co.uk,/actutre/ourtimepge/v3/,0,2,0,0,0,0,0,1,1,0,0,0,0,1
https,recoverphrase138.web.app,/,0,0,0,0,0,0,0,1,1,0,0,0,0,1
https,recoverphrase470.firebaseapp.com,/,0,0,0,0,0,0,0,1,1,1,0,1,0,1
https,formez-vous.eligibilite-web.com,/index.php,0,1,0,0,1,2,0,2,1,0,0,0,0,1
https,firebasestorage.googleapis.com,/v0/b/dr-clin-c4f68.appspot.com/o/drweb.html,0,1,1,0,0,1,1,0,1,1,0,1,0,1
https,recoverphrase216.firebaseapp.com,/,0,0,0,0,0,0,0,1,1,1,0,1,0,1
https,www.redmunicipal.co,,0,0,0,0,0,0,0,1,2,0,0,2,0,1
https,smbc.co.jp.xazee.com,/client/index.php,0,0,0,0,0,1,0,1,1,0,0,0,0,1
https,www.docentroland.com,/,0,0,0,0,0,0,0,2,2,0,0,2,0,1
http,perrypipe.com,/.anjelo/emr.nairs/mccb.php,0,0,0,0,0,1,0,1,2,0,0,2,0,1
https,builmon.xyz,/geo/nl/eur/register/5/index_auth.php,0,2,0,0,0,0,0,2,2,0,1,0,0,1
https,mpsienaservizioantifrode.com,/,0,0,0,0,0,0,0,1,1,0,1,0,0,1
http,fb7927.bget.ru,/to.php,0,0,0,0,0,2,0,2,1,0,0,0,0,1
https,sites.google.com,/view/chamekesa/accueil,0,0,0,0,0,0,0,0,2,0,0,2,0,1
https,www.bombocriptgame.com,/,0,0,0,0,0,0,0,1,1,0,0,0,0,1
https,support-axiewallet.com,/,0,0,0,0,1,0,1,1,1,0,0,2,0,1
https,winsen.biz,/,0,0,0,0,0,0,0,0,1,0,0,1,0,1
https,brilliantjewelryshopapp.web.app,/,0,0,0,0,0,0,0,2,1,0,0,0,0,1
https,9ftytucsh4ph.clickfunnels.com,/optin1640119264426,0,2,0,0,0,0,0,0,2,0,0,2,0,1
http,ns2.nzservers.net,/,0,0,0,0,0,0,0,1,1,0,0,0,0,1
https,pdf-cloud-document.weeblysite.com,/,0,0,0,0,1,0,0,0,2,0,0,2,0,1
https,recoverphrase195.web.app,/,0,0,0,0,0,0,0,1,1,0,0,0,0,1
https,cutt.ly,/3YQoKjG,0,0,0,0,0,0,0,0,0,0,0,0,0,1
https,absolutepleasure.com.my,/rest,0,0,0,0,0,0,0,1,1,0,0,1,0,1
https,spectrumstorageaccess.yahoosites.com,/,0,0,0,0,0,0,0,2,2,0,0,2,0,1
https,sfex12sec.web.app,/index.html,0,1,0,0,0,2,0,1,1,0,0,0,0,1
http,dl.9xu.com,/js/ueditor/lang/zh-cn/images/superstitions.php,0,1,0,0,0,2,0,2,2,0,0,2,0,1
https,online.asb.co.nz-home-fnc.cloudns.ph,/ASB/online.asb..co.nz/home.php,0,1,0,0,1,1,0,2,1,0,0,1,0,1
https,flow.page,/btinternetwebmail,0,0,0,0,0,0,0,2,1,0,0,0,0,1
https,forms.gle,/8EPXhwDAPiAB7mfW7,0,0,0,0,0,0,0,0,1,0,0,1,0,1
http,www.nbmediation.com,/invoice0/Super-Nice-Office365/off/,0,2,0,0,0,0,0,1,0,0,0,0,0,1
https,www.alinachopra.com,/blog/wp-content/themes/10/,0,2,0,0,0,0,0,2,2,0,0,2,0,1
https,handvina.com,/wp-includes/certificates/enviar03.php,0,2,0,0,0,0,0,1,1,0,0,0,0,1
https,pandbproductions.co.uk,/home/,0,0,0,0,0,0,0,1,1,0,0,0,0,1
https,backend.orientalmkdw.top,/,0,0,0,0,0,0,0,1,1,0,1,0,0,1
https,recoverphrase238.web.app,/,0,0,0,0,0,0,0,1,1,0,0,0,0,1
http,drmarciovaleriano.com.br,/wp-content/languages/plugins/DE-de/meine/7QwjPywOsZ19g3E1C/meine.Anmelden.php,0,1,0,0,0,1,0,1,1,0,0,2,0,1
https,everythingmobilelimited-my.sharepoint.com,/personal/jameswaterston_everythingmobilelimited_onmicrosoft_com/_layouts/15/onedrive.aspx,0,1,0,0,1,2,1,1,2,0,0,2,0,1
http,arcqca-secure-doc.ga,/adobe/email/security/,0,0,0,0,1,0,0,1,1,0,0,1,0,1
https,googleweblight.com,/i,0,1,1,0,0,1,1,0,2,0,0,2,0,1
https,forms.monday.com,/forms/5ed641e5cabd481304386f35b9120276,0,2,0,0,0,0,0,0,2,0,0,2,0,1
https,www.isfirsatibul.com,/m1/NetVip/main,0,0,0,0,0,0,0,1,1,0,0,0,0,1
https,summer-surf-9998.on.fleek.co,/,0,0,0,0,1,2,0,0,1,0,0,0,0,1
https,1fd9666a.sibforms.com,/serve/MUIEALGXyHe4YeqOo_Jp2A83AvvWib8JTABLKLlEpDnaF3S4uYJNixbsP3BZDFMZaqaWPvLPJQ_AKsmTeeVCDDQaqFLd6oPKNJKI6wDGwdsY4gfXX-UW6QZwj0EHdvILBk8Gg7KWEwHFJeuFJKGpwHQGEyhGbAmNaTtH8bTvextRaXWWlJvd2Fa8bGEVWHYxuYuD31s4yfqHo2zd,0,1,0,0,0,0,0,0,2,0,0,2,0,1
https,backend.bhiflyk82221.xyz,/,0,0,0,0,0,0,0,1,2,0,0,0,0,1
https,vk.com,/away.php,0,2,0,0,0,2,0,0,2,0,0,2,1,1
https,www.coinegghkpd.com,/,0,0,0,0,0,0,0,1,1,0,0,2,0,1
https,reviewpasswords26.firebaseapp.com,/,0,0,0,0,0,0,0,1,1,1,0,1,0,1
http,serviziompsienastorno.com,/,0,0,0,0,0,0,0,1,1,0,0,0,0,1
https,oneone-a38ef.web.app,/,0,0,1,0,1,2,0,1,1,0,0,0,0,1
